food_name,calories_kcal,protein_g,carbs_g,fat_g,fiber_g,sodium_mg,sugar_g,cholesterol_mg,glycemic_index,category,veg_nonveg,allergens
Brown Rice,110,2.6,23,0.9,1.8,5,0.4,0,50,lunch,Veg,gluten
White Rice,130,2.4,28,0.3,0.4,2,0.1,0,72,lunch,Veg,gluten
Roti,120,3.5,20,1.5,2.8,6,0.2,0,55,lunch,Veg,gluten
Dal,116,9.0,20,0.4,7.5,7,1.0,0,35,lunch,Veg,
Paneer,265,18,6,20,0,20,2.0,65,30,lunch,Veg,milk
Milk,60,3.2,5,3.3,0,44,5.0,14,30,breakfast,Veg,milk
Curd,98,11,4,3,0,36,4.0,10,28,breakfast,Veg,milk
Boiled Egg,155,13,1,11,0,124,1.1,373,0,breakfast,NonVeg,egg
Omelette,154,11,1,12,0,150,1.0,360,0,breakfast,NonVeg,egg
Chicken Breast,165,31,0,3.6,0,74,0,85,0,lunch,NonVeg,
Fish Curry,180,22,2,8,0,90,0,60,0,lunch,NonVeg,fish
Apple,52,0.3,14,0.2,2.4,1,10.0,0,38,snack,Veg,
Banana,89,1.1,23,0.3,2.6,1,12.0,0,51,snack,Veg,
Orange,47,0.9,12,0.1,2.4,0,9.0,0,42,snack,Veg,
Almonds,579,21,22,50,12.5,1,4.0,0,15,snack,Veg,nuts
Peanuts,567,26,16,49,8.5,18,4.7,0,14,snack,Veg,nuts
Oats,389,17,66,7,10.6,2,1.0,0,55,breakfast,Veg,gluten
Cornflakes,357,8,84,0.4,3,729,8.0,0,81,breakfast,Veg,gluten
Vegetable Salad,80,3,12,2,4,15,4.0,0,30,lunch,Veg,
Fruit Salad,95,1,24,0.5,3.5,2,18.0,0,40,snack,Veg,
Fried Rice,250,6,38,9,2,400,2.0,15,73,lunch,Veg,gluten
Burger,295,17,30,14,2,500,5.0,45,70,dinner,NonVeg,gluten
Pizza,266,11,33,10,2.3,640,4.0,30,60,dinner,NonVeg,gluten,milk
Pasta,131,5,25,1.1,1.3,6,0.6,0,50,dinner,Veg,gluten
Paneer Curry,320,14,8,25,1,200,2.5,70,32,dinner,Veg,milk
Vegetable Soup,90,3,15,2,3,180,3.0,0,40,dinner,Veg,
Chicken Soup,120,10,6,4,1,220,1.0,40,0,dinner,NonVeg,
Idli,58,2,12,0.4,1.2,90,0.2,0,35,breakfast,Veg,gluten
Dosa,168,4,28,4,2,200,0.5,0,55,breakfast,Veg,gluten
Quinoa,120,4.4,21,1.9,2.8,7,0.9,0,53,lunch,Veg,
Couscous,112,3.8,23,0.2,1.4,5,0.1,0,65,lunch,Veg,gluten
Barley,123,2.3,28,0.4,3.5,3,0.2,0,28,lunch,Veg,gluten
Millet,119,3.5,23,1,1.3,3,0.2,0,54,lunch,Veg,gluten
Buckwheat,155,5.7,33,1.5,4.5,7,1.5,0,54,breakfast,Veg,
Wild Rice,101,4,21,0.3,1.8,3,0.7,0,57,lunch,Veg,
Jasmine Rice,129,2.7,28,0.2,0.4,1,0,0,68,lunch,Veg,gluten
Basmati Rice,121,2.5,25,0.4,0.6,2,0,0,58,lunch,Veg,gluten
Sushi Rice,140,2.6,31,0.3,0.5,0,0.8,0,70,lunch,Veg,gluten
Red Rice,113,2.3,24,0.8,2,5,0.5,0,55,lunch,Veg,gluten
Black Rice,160,4,34,1.5,2,5,0.6,0,42,lunch,Veg,gluten
Parboiled Rice,123,2.4,26,0.3,0.7,3,0.1,0,68,lunch,Veg,gluten
Sticky Rice,97,2,21,0.2,0.9,4,0,0,86,lunch,Veg,gluten
Arborio Rice,130,2.4,28,0.1,0.4,0,0.2,0,69,lunch,Veg,gluten
Whole Wheat Bread,247,13,41,3.4,6,400,5,0,74,breakfast,Veg,gluten
White Bread,265,9,49,3.2,2.7,681,5,0,75,breakfast,Veg,gluten
Multigrain Bread,265,13,43,4.2,7,400,6,0,55,breakfast,Veg,gluten
Sourdough Bread,289,12,56,2.1,2.7,590,3.8,0,54,breakfast,Veg,gluten
Rye Bread,259,8.5,48,3.3,5.8,660,3.9,0,58,breakfast,Veg,gluten
Pita Bread,275,9,56,1.2,2.2,536,2,0,68,lunch,Veg,gluten
Naan,262,7.6,45,5.6,2.3,419,2.7,20,66,lunch,Veg,gluten,milk
Paratha,320,6,40,15,3,380,1.5,25,65,breakfast,Veg,gluten,milk
Bhakri,180,4.5,35,2,4.5,200,0.8,0,60,lunch,Veg,gluten
Poori,327,5.2,35,18,2,280,1.2,0,76,breakfast,Veg,gluten
Chapati,104,3.1,18,2.4,2.5,120,0.5,0,52,lunch,Veg,gluten
Kulcha,250,6.8,42,6.2,2,450,2.5,15,64,lunch,Veg,gluten,milk
Missi Roti,135,5,22,3.5,3.5,180,0.8,0,50,lunch,Veg,gluten
Akki Roti,145,2.8,28,2.5,1.8,150,0.4,0,65,breakfast,Veg,gluten
Thepla,168,4.2,26,5.5,3.2,220,1.2,0,58,breakfast,Veg,gluten
Luchi,286,4.8,32,15,1.8,250,0.8,0,72,breakfast,Veg,gluten
Bajra Roti,97,3.2,18,1.8,2.8,100,0.3,0,55,lunch,Veg,gluten
Jowar Roti,100,3,20,1.2,3,95,0.4,0,62,lunch,Veg,gluten
Makki Roti,125,3.5,24,2.2,2.5,110,1,0,68,lunch,Veg,gluten
Besan Roti,142,6.5,18,5,3.8,180,1.5,0,35,lunch,Veg,
Tortilla,218,5.7,36,5.8,2.4,400,1.1,0,52,lunch,Veg,gluten
Bagel,277,11,53,1.5,2.3,430,6,0,72,breakfast,Veg,gluten
Croissant,406,8.2,46,21,2.6,424,11,45,67,breakfast,Veg,gluten,milk
English Muffin,134,4.4,26,1,1.5,264,1.6,0,77,breakfast,Veg,gluten
Ciabatta,271,9,52,2.7,2.2,535,1.8,0,73,lunch,Veg,gluten
Focaccia,271,7,45,7.6,2,536,1.5,0,72,lunch,Veg,gluten
Brioche,370,8.8,48,15,1.9,380,10,105,70,breakfast,Veg,gluten,milk,egg
Masoor Dal,116,9,20,0.4,7.8,6,0.9,0,32,lunch,Veg,
Moong Dal,104,7.6,19,0.4,7.6,2,1.7,0,38,lunch,Veg,
Toor Dal,120,8.2,22,0.5,5.5,3,1.2,0,29,lunch,Veg,
Chana Dal,168,8.9,27,6,7.6,9,4.9,0,28,lunch,Veg,
Urad Dal,341,25,59,1.6,18,38,6.6,0,43,lunch,Veg,
Rajma,127,8.7,23,0.5,6.4,2,0.3,0,24,lunch,Veg,
Kabuli Chana,164,8.9,27,2.6,7.6,7,4.8,0,28,lunch,Veg,
Black Chana,180,10,30,2.8,9.5,9,5,0,33,lunch,Veg,
Green Moong,347,24,63,1.2,16,15,6.6,0,38,lunch,Veg,
Yellow Moong Dal,106,7.6,19,0.4,7.6,2,1.7,0,38,lunch,Veg,
Whole Masoor,116,9,20,0.4,7.8,6,0.9,0,32,lunch,Veg,
Black Lentils,116,9,20,0.4,7.8,6,0.9,0,32,lunch,Veg,
Red Kidney Beans,127,8.7,23,0.5,6.4,2,0.3,0,24,lunch,Veg,
White Chickpeas,164,8.9,27,2.6,7.6,7,4.8,0,28,lunch,Veg,
Pinto Beans,143,9,26,0.7,9,1,0.3,0,39,lunch,Veg,
Black Beans,132,8.9,24,0.5,8.7,1,0.3,0,30,lunch,Veg,
Navy Beans,140,8.2,26,0.6,10,2,0.3,0,38,lunch,Veg,
Lima Beans,115,7.8,21,0.4,7,2,2.9,0,32,lunch,Veg,
Mung Beans,347,24,63,1.2,16,15,6.6,0,38,lunch,Veg,
Soybean,173,16,10,9,6,1,3,0,16,lunch,Veg,soy
Tofu,76,8,1.9,4.8,0.3,7,0.7,0,15,lunch,Veg,soy
Tempeh,193,20,9,11,9,9,0,0,18,lunch,Veg,soy
Edamame,121,11,10,5,5,6,2.2,0,15,snack,Veg,soy
Soy Milk,54,3.3,6,1.8,0.6,51,4.7,0,34,breakfast,Veg,soy
Paneer Tikka,290,16,7,22,1,350,2.5,70,32,snack,Veg,milk
Malai Paneer,310,15,6,26,0.5,180,2.8,75,30,lunch,Veg,milk
Shahi Paneer,335,13,9,27,1.5,420,3.5,72,35,dinner,Veg,milk
Palak Paneer,195,12,8,13,2.8,280,2.2,55,28,lunch,Veg,milk
Kadai Paneer,298,14,10,23,2,390,3,68,33,dinner,Veg,milk
Paneer Butter Masala,340,12,11,28,1.8,450,4,75,36,dinner,Veg,milk
Matar Paneer,220,11,15,14,3.5,320,4.5,60,35,lunch,Veg,milk
Paneer Bhurji,245,16,6,18,1.2,380,2,68,30,lunch,Veg,milk
Paneer Pakora,285,14,18,18,2,420,1.5,65,55,snack,Veg,milk,gluten
Cottage Cheese,98,11,3.4,4.3,0,364,2.8,17,27,breakfast,Veg,milk
Mozzarella Cheese,280,22,3.1,17,0,373,1.4,54,0,lunch,Veg,milk
Cheddar Cheese,403,25,1.3,33,0,621,0.5,105,0,snack,Veg,milk
Parmesan Cheese,431,38,4.1,29,0,1529,0.9,88,0,lunch,Veg,milk
Ricotta Cheese,174,11,3.2,13,0,84,0.3,51,0,breakfast,Veg,milk
Feta Cheese,264,14,4.1,21,0,1116,4.1,89,0,lunch,Veg,milk
Cream Cheese,342,5.9,5.5,34,0,321,3.2,110,0,breakfast,Veg,milk
Swiss Cheese,380,27,5.4,28,0,192,1.3,92,0,snack,Veg,milk
Gouda Cheese,356,25,2.2,27,0,819,2.2,114,0,snack,Veg,milk
Blue Cheese,353,21,2.3,29,0,1395,0.5,75,0,snack,Veg,milk
Greek Yogurt,59,10,3.6,0.4,0,36,3.2,5,27,breakfast,Veg,milk
Flavored Yogurt,81,3.5,13,2.1,0,46,13,8,33,snack,Veg,milk
Lassi,80,3,11,2.5,0,55,10,12,35,breakfast,Veg,milk
Buttermilk,40,3.3,4.8,0.9,0,105,4.9,5,25,breakfast,Veg,milk
Raita,65,3.5,6,2.8,0.8,120,4.5,11,28,lunch,Veg,milk
Kheer,150,4,24,4.5,0.3,45,18,18,48,dessert,Veg,milk
Cheese Sandwich,310,15,34,13,2.5,680,4,42,65,breakfast,Veg,gluten,milk
Grilled Cheese,366,14,28,22,1.5,700,3,60,70,lunch,Veg,gluten,milk
Butter,717,0.9,0.1,81,0,11,0.1,215,0,breakfast,Veg,milk
Ghee,900,0,0,100,0,0,0,256,0,breakfast,Veg,milk
Whey Protein,120,24,3,1.5,0,140,2,35,15,snack,Veg,milk
Casein Protein,115,24,3,0.5,0,180,0,20,0,snack,Veg,milk
Chicken Thigh,209,26,0,11,0,84,0,93,0,lunch,NonVeg,
Chicken Wings,203,30,0,9,0,82,0,85,0,dinner,NonVeg,
Chicken Drumstick,172,28,0,5.7,0,86,0,93,0,lunch,NonVeg,
Roasted Chicken,239,27,0,14,0,82,0,88,0,dinner,NonVeg,
Grilled Chicken,165,31,0,3.6,0,74,0,85,0,lunch,NonVeg,
Chicken Tikka,220,28,4,9,0.5,450,1.5,90,20,dinner,NonVeg,
Butter Chicken,320,22,12,20,1.5,680,6,85,42,dinner,NonVeg,milk
Chicken Curry,210,25,8,9,1.8,540,3,88,38,lunch,NonVeg,
Chicken Biryani,290,18,38,8,2,580,2.5,75,55,lunch,NonVeg,gluten
Chicken Korma,295,20,10,19,1.2,520,4,82,35,dinner,NonVeg,milk
Tandoori Chicken,195,28,3,7,0.8,580,1.2,95,25,dinner,NonVeg,
Chicken Kebab,235,26,5,12,1,520,1.8,92,28,snack,NonVeg,
Chicken Shawarma,265,22,18,12,2,680,2.5,78,60,lunch,NonVeg,gluten
Chicken Nuggets,296,15,18,18,1,512,1.2,38,50,snack,NonVeg,gluten
Fried Chicken,320,22,12,20,0.8,680,0.5,95,55,dinner,NonVeg,gluten
Chicken Sandwich,290,24,28,9,2.5,680,3.5,65,62,lunch,NonVeg,gluten
Chicken Salad,165,25,8,4,2.5,220,3,72,30,lunch,NonVeg,
Chicken Noodles,198,12,26,6,2,580,3,45,55,dinner,NonVeg,gluten
Chicken Fried Rice,228,12,32,6,1.8,620,1.8,52,68,lunch,NonVeg,gluten
Chicken Momos,185,12,22,6,1.5,420,1.2,48,55,snack,NonVeg,gluten
Turkey Breast,135,30,0,0.7,0,55,0,80,0,lunch,NonVeg,
Duck Breast,337,19,0,28,0,74,0,84,0,dinner,NonVeg,
Quail,234,25,0,14,0,51,0,86,0,dinner,NonVeg,
Mutton Curry,250,22,5,16,1.2,480,2,88,28,lunch,NonVeg,
Lamb Chops,282,25,0,19,0,72,0,97,0,dinner,NonVeg,
Goat Meat,143,27,0,3,0,82,0,75,0,lunch,NonVeg,
Mutton Biryani,310,20,35,11,2.2,620,2.2,82,58,lunch,NonVeg,gluten
Mutton Korma,315,21,8,22,1,540,3.5,85,32,dinner,NonVeg,milk
Rogan Josh,285,23,7,18,1.5,580,2.8,80,35,dinner,NonVeg,
Keema,240,24,6,13,1.8,520,2,95,30,lunch,NonVeg,
Seekh Kebab,265,22,8,16,1.5,580,1.5,88,32,snack,NonVeg,
Beef Steak,271,26,0,17,0,59,0,90,0,dinner,NonVeg,
Ground Beef,250,26,0,15,0,75,0,88,0,lunch,NonVeg,
Beef Burger,354,25,28,17,2,680,4.5,85,68,dinner,NonVeg,gluten
Beef Stew,220,22,12,9,2,520,3,78,42,dinner,NonVeg,
Pork Chops,231,25,0,14,0,53,0,80,0,dinner,NonVeg,
Bacon,541,37,1.4,42,0,1717,1.3,110,0,breakfast,NonVeg,
Ham,145,21,1.5,5.5,0,1203,1.5,53,0,breakfast,NonVeg,
Sausage,301,12,3,27,0,665,1,78,28,breakfast,NonVeg,
Salami,407,22,1.2,34,0,1890,0.2,79,0,snack,NonVeg,
Pepperoni,494,21,3.8,44,0,1714,1.8,97,0,snack,NonVeg,milk
Salmon,208,20,0,13,0,59,0,63,0,lunch,NonVeg,fish
Tuna,144,23,0,5,0,42,0,47,0,lunch,NonVeg,fish
Mackerel,205,19,0,14,0,83,0,70,0,lunch,NonVeg,fish
Sardines,208,25,0,11,0,505,0,142,0,lunch,NonVeg,fish
Tilapia,128,26,0,2.7,0,52,0,57,0,lunch,NonVeg,fish
Cod,105,23,0,0.9,0,78,0,55,0,lunch,NonVeg,fish
Haddock,116,25,0,0.9,0,87,0,74,0,lunch,NonVeg,fish
Trout,190,21,0,11,0,67,0,74,0,lunch,NonVeg,fish
Catfish,135,18,0,6.8,0,43,0,58,0,lunch,NonVeg,fish
Pomfret,140,18,0,7,0,65,0,55,0,lunch,NonVeg,fish
Rohu Fish,97,17,0,2.2,0,52,0,48,0,lunch,NonVeg,fish
Hilsa Fish,310,22,0,24,0,72,0,86,0,lunch,NonVeg,fish
Prawns,99,24,0.2,0.3,0,566,0,189,0,lunch,NonVeg,shellfish
Shrimp,99,24,0.2,0.3,0,566,0,189,0,lunch,NonVeg,shellfish
Crab,97,20,0,1.5,0,293,0,78,0,lunch,NonVeg,shellfish
Lobster,89,19,0,0.9,0,296,0,95,0,dinner,NonVeg,shellfish
Squid,92,16,3.1,1.4,0,44,0,233,0,lunch,NonVeg,shellfish
Octopus,82,15,2.2,1,0,230,0,48,0,lunch,NonVeg,shellfish
Clams,148,26,5.1,2,0,1022,0,67,0,lunch,NonVeg,shellfish
Mussels,172,24,7.4,4.5,0,369,0,56,0,lunch,NonVeg,shellfish
Oysters,68,7,3.9,2.5,0,211,0,50,0,snack,NonVeg,shellfish
Fish Fry,220,18,8,13,0.8,480,0.5,62,45,lunch,NonVeg,fish,gluten
Prawn Curry,195,22,5,9,1.2,520,1.8,195,28,lunch,NonVeg,shellfish
Fish Tikka,185,24,4,8,0.5,480,1.2,65,22,dinner,NonVeg,fish
Grilled Fish,195,26,0,9,0,68,0,70,0,lunch,NonVeg,fish
Tuna Sandwich,287,20,26,12,2,680,3,42,58,lunch,NonVeg,fish,gluten
Salmon Sushi,179,9,21,7,1,320,3.5,22,55,lunch,NonVeg,fish,gluten
Fish and Chips,585,22,58,29,3.8,820,2.2,75,68,dinner,NonVeg,fish,gluten
Crab Cakes,235,15,18,12,0.8,620,2,95,52,snack,NonVeg,shellfish,gluten
Spinach,23,2.9,3.6,0.4,2.2,79,0.4,0,15,lunch,Veg,
Broccoli,34,2.8,7,0.4,2.6,33,1.7,0,10,lunch,Veg,
Cauliflower,25,1.9,5,0.3,2,30,1.9,0,15,lunch,Veg,
Cabbage,25,1.3,5.8,0.1,2.5,18,3.2,0,10,lunch,Veg,
Carrot,41,0.9,10,0.2,2.8,69,4.7,0,16,snack,Veg,
Beetroot,43,1.6,10,0.2,2.8,78,6.8,0,64,lunch,Veg,
Tomato,18,0.9,3.9,0.2,1.2,5,2.6,0,15,lunch,Veg,
Cucumber,15,0.7,3.6,0.1,0.5,2,1.7,0,15,snack,Veg,
Bell Pepper,31,1,6,0.3,2.1,4,4.2,0,15,lunch,Veg,
Onion,40,1.1,9.3,0.1,1.7,4,4.2,0,10,lunch,Veg,
Garlic,149,6.4,33,0.5,2.1,17,1,0,30,lunch,Veg,
Ginger,80,1.8,18,0.8,2,13,1.7,0,15,lunch,Veg,
Potato,77,2,17,0.1,2.2,6,0.8,0,82,lunch,Veg,
Sweet Potato,86,1.6,20,0.1,3,55,4.2,0,63,lunch,Veg,
Pumpkin,26,1,6.5,0.1,0.5,1,2.8,0,75,lunch,Veg,
Zucchini,17,1.2,3.1,0.3,1,8,2.5,0,15,lunch,Veg,
Eggplant,25,1,6,0.2,3,2,3.5,0,15,lunch,Veg,
Okra,33,1.9,7.5,0.2,3.2,7,1.5,0,20,lunch,Veg,
Green Beans,31,1.8,7,0.2,2.7,6,3.3,0,15,lunch,Veg,
Peas,81,5.4,14,0.4,5.7,5,5.7,0,48,lunch,Veg,
Corn,86,3.3,19,1.4,2.4,15,3.2,0,52,snack,Veg,
Mushroom,22,3.1,3.3,0.3,1,5,2,0,15,lunch,Veg,
Asparagus,20,2.2,3.9,0.1,2.1,2,1.9,0,15,lunch,Veg,
Lettuce,15,1.4,2.9,0.2,1.3,28,0.8,0,15,lunch,Veg,
Kale,49,4.3,8.8,0.9,3.6,38,2.3,0,2,lunch,Veg,
Brussels Sprouts,43,3.4,9,0.3,3.8,25,2.2,0,15,lunch,Veg,
Radish,16,0.7,3.4,0.1,1.6,39,1.9,0,15,snack,Veg,
Turnip,28,0.9,6.4,0.1,1.8,67,3.8,0,62,lunch,Veg,
Parsnip,75,1.2,18,0.3,4.9,10,4.8,0,52,lunch,Veg,
Celery,14,0.7,3,0.2,1.6,80,1.3,0,15,snack,Veg,
Leek,61,1.5,14,0.3,1.8,20,3.9,0,15,lunch,Veg,
Bitter Gourd,17,1,3.7,0.2,2.8,5,1,0,18,lunch,Veg,
Ridge Gourd,20,1.2,4.4,0.2,1.1,2,2,0,25,lunch,Veg,
Bottle Gourd,14,0.6,3.4,0.02,0.5,2,2,0,15,lunch,Veg,
Drumstick,37,2.1,8.5,0.2,3.2,42,0,0,25,lunch,Veg,
Jackfruit,95,1.7,23,0.6,1.5,2,19,0,75,snack,Veg,
Raw Jackfruit,94,1.5,24,0.3,2.6,3,19,0,50,lunch,Veg,
Plantain,122,1.3,32,0.4,2.3,4,15,0,55,snack,Veg,
Yam,118,1.5,28,0.2,4.1,9,0.5,0,51,lunch,Veg,
Taro Root,112,1.5,26,0.2,4.1,11,0.4,0,48,lunch,Veg,
Water Chestnut,97,1.4,24,0.1,3,14,4.8,0,50,snack,Veg,
Lotus Root,74,2.6,17,0.1,4.9,40,0,0,33,lunch,Veg,
Aloo Gobi,145,3.5,22,5,3.5,280,3.5,0,48,lunch,Veg,
Aloo Palak,135,4,18,5.5,3.8,260,2.2,0,42,lunch,Veg,
Aloo Matar,158,4.2,24,5.2,4,290,4.5,0,50,lunch,Veg,
Baingan Bharta,112,2.8,12,6.5,4,220,4.2,0,28,lunch,Veg,
Bhindi Masala,98,2.5,12,4.8,3.8,280,2.2,0,32,lunch,Veg,
Mix Veg,120,3.8,16,4.5,4.2,260,4.5,0,35,lunch,Veg,
Veg Korma,185,5,18,10,3.5,380,5.5,15,38,dinner,Veg,milk
Veg Jalfrezi,105,3.2,14,4.2,3.8,320,4.8,0,32,lunch,Veg,
Chana Masala,210,11,30,6,8.5,420,5.5,0,32,lunch,Veg,
Rajma Masala,195,10,28,5.5,7.2,380,2.8,0,28,lunch,Veg,
Kadhi,85,2.8,8,4.5,1.2,280,3.5,8,35,lunch,Veg,milk
Sambhar,95,5,14,2.5,4.2,380,3.2,0,38,lunch,Veg,
Rasam,45,2,8,1,1.5,320,2.5,0,25,lunch,Veg,
Avial,120,3.5,15,5.5,4,220,3.2,8,32,lunch,Veg,milk
Poriyal,85,2.5,11,3.8,3.5,180,2.2,0,28,lunch,Veg,
Kootu,110,4.5,16,3.5,4.5,210,2.8,0,32,lunch,Veg,
Thoran,75,2.2,10,3.2,3,140,1.8,0,25,lunch,Veg,
Mango,60,0.8,15,0.4,1.6,1,13.7,0,51,snack,Veg,
Papaya,43,0.5,11,0.3,1.7,8,7.8,0,60,snack,Veg,
Pineapple,50,0.5,13,0.1,1.4,1,9.9,0,66,snack,Veg,
Watermelon,30,0.6,7.6,0.2,0.4,1,6.2,0,72,snack,Veg,
Grapes,69,0.7,18,0.2,0.9,2,15,0,59,snack,Veg,
Strawberry,32,0.7,7.7,0.3,2,1,4.9,0,40,snack,Veg,
Blueberry,57,0.7,14,0.3,2.4,1,10,0,53,snack,Veg,
Raspberry,52,1.2,12,0.7,6.5,1,4.4,0,32,snack,Veg,
Blackberry,43,1.4,10,0.5,5.3,1,4.9,0,25,snack,Veg,
Kiwi,61,1.1,15,0.5,3,3,9,0,52,snack,Veg,
Pomegranate,83,1.7,19,1.2,4,3,13.7,0,53,snack,Veg,
Guava,68,2.6,14,1,5.4,2,8.9,0,12,snack,Veg,
Lychee,66,0.8,17,0.4,1.3,1,15,0,57,snack,Veg,
Peach,39,0.9,10,0.3,1.5,0,8.4,0,42,snack,Veg,
Plum,46,0.7,11,0.3,1.4,0,9.9,0,40,snack,Veg,
Pear,57,0.4,15,0.1,3.1,1,9.8,0,38,snack,Veg,
Cherry,50,1,12,0.3,1.6,3,8.5,0,22,snack,Veg,
Apricot,48,1.4,11,0.4,2,1,9.2,0,34,snack,Veg,
Fig,74,0.8,19,0.3,2.9,1,16,0,61,snack,Veg,
Dates,282,2.5,75,0.4,8,2,63,0,42,snack,Veg,
Raisins,299,3.1,79,0.5,3.7,11,59,0,64,snack,Veg,
Prunes,240,2.2,64,0.4,7.1,2,38,0,29,snack,Veg,
Cashews,553,18,30,44,3.3,12,5.9,0,25,snack,Veg,nuts
Walnuts,654,15,14,65,6.7,2,2.6,0,15,snack,Veg,nuts
Pistachios,560,20,28,45,10,1,7.7,0,15,snack,Veg,nuts
Hazelnuts,628,15,17,61,9.7,0,4.3,0,15,snack,Veg,nuts
Pecans,691,9,14,72,9.6,0,4,0,10,snack,Veg,nuts
Brazil Nuts,656,14,12,66,7.5,3,2.3,0,10,snack,Veg,nuts
Macadamia Nuts,718,7.9,14,76,8.6,5,4.6,0,10,snack,Veg,nuts
Pine Nuts,673,14,13,68,3.7,2,3.6,0,15,snack,Veg,nuts
Sunflower Seeds,584,21,20,51,8.6,9,2.6,0,35,snack,Veg,
Pumpkin Seeds,559,30,14,49,6,7,1.4,0,25,snack,Veg,
Flax Seeds,534,18,29,42,27,30,1.6,0,35,snack,Veg,
Chia Seeds,486,17,42,31,34,16,0,0,30,snack,Veg,
Sesame Seeds,573,18,23,50,12,11,0.3,0,35,snack,Veg,
Poppy Seeds,525,18,28,42,19,26,2.9,0,35,snack,Veg,
Hemp Seeds,553,32,8.7,49,4,5,1.5,0,0,snack,Veg,
Chocolate,546,4.9,61,31,7,24,48,2,43,snack,Veg,milk
Dark Chocolate,598,7.8,46,43,11,20,24,2,23,snack,Veg,
Milk Chocolate,535,7.7,59,30,3.4,79,52,23,49,snack,Veg,milk
White Chocolate,539,5.9,59,32,0.2,90,59,21,44,snack,Veg,milk
Ice Cream,207,3.5,24,11,0.7,80,21,44,57,dessert,Veg,milk
Vanilla Ice Cream,207,3.5,24,11,0.7,80,21,44,57,dessert,Veg,milk
Chocolate Ice Cream,216,3.8,28,11,1.6,76,25,34,60,dessert,Veg,milk
Strawberry Ice Cream,192,3.2,27,8,0.5,68,24,32,55,dessert,Veg,milk
Kulfi,180,4.5,22,8.5,0.2,65,20,38,52,dessert,Veg,milk
Gulab Jamun,175,3,30,5,0.8,35,25,22,65,dessert,Veg,milk,gluten
Rasgulla,186,4,36,3.5,0,8,34,15,70,dessert,Veg,milk
Jalebi,150,0.8,33,2.5,0.2,25,28,8,75,dessert,Veg,gluten
Ladoo,180,3.5,25,7.5,1.5,35,18,18,58,dessert,Veg,milk,nuts
Barfi,220,5,28,10,0.8,45,24,35,55,dessert,Veg,milk
Halwa,302,3,48,11,2.5,38,32,0,68,dessert,Veg,
Gajar Halwa,330,4.5,45,14,3.2,55,38,42,65,dessert,Veg,milk
Moong Dal Halwa,340,6,42,16,3.5,45,32,48,52,dessert,Veg,milk
Rava Kesari,280,3.5,50,7.5,1.5,35,35,25,72,dessert,Veg,milk
Payasam,165,4.5,28,4.2,0.8,48,22,18,55,dessert,Veg,milk
Mysore Pak,518,6,56,30,1.2,120,48,85,68,dessert,Veg,milk
Peda,180,4.2,26,6.5,0.2,42,22,28,58,dessert,Veg,milk
Sandesh,160,5.5,24,5,0.3,38,20,25,52,dessert,Veg,milk
Rasmalai,175,5,28,5.5,0.2,45,24,28,60,dessert,Veg,milk
Phirni,145,4,24,3.8,0.5,38,18,16,52,dessert,Veg,milk
Shrikhand,138,4.8,20,4.2,0,52,18,18,48,dessert,Veg,milk
Cake,257,3.6,38,10,0.6,238,22,52,70,dessert,Veg,gluten,milk,egg
Chocolate Cake,352,5,50,16,2.4,285,35,55,72,dessert,Veg,gluten,milk,egg
Vanilla Cake,257,3.6,38,10,0.6,238,22,52,70,dessert,Veg,gluten,milk,egg
Black Forest Cake,367,4.8,45,18,2.2,245,32,62,68,dessert,Veg,gluten,milk,egg
Red Velvet Cake,385,4.2,48,20,1.2,380,36,68,72,dessert,Veg,gluten,milk,egg
Cheesecake,321,5.5,26,23,0.8,438,19,78,55,dessert,Veg,gluten,milk,egg
Brownie,466,6.3,58,24,3.2,175,38,52,70,dessert,Veg,gluten,milk,egg
Cookie,488,5.4,67,21,2,385,40,18,65,snack,Veg,gluten,milk,egg
Chocolate Chip Cookie,488,5.4,67,21,2,385,40,18,65,snack,Veg,gluten,milk,egg
Oatmeal Cookie,450,6.8,65,18,3.5,320,32,22,55,snack,Veg,gluten,milk,egg
Butter Cookie,502,5.8,60,26,1.2,275,25,82,68,snack,Veg,gluten,milk,egg
Donut,452,4.9,51,25,1.5,326,23,26,76,breakfast,Veg,gluten,milk,egg
Glazed Donut,269,3.8,31,15,0.9,262,12,14,76,breakfast,Veg,gluten,milk,egg
Chocolate Donut,307,4.2,34,17,1.6,248,18,22,72,breakfast,Veg,gluten,milk,egg
Muffin,377,6.4,47,18,1.9,476,20,47,62,breakfast,Veg,gluten,milk,egg
Blueberry Muffin,313,5.3,54,7.4,1.5,505,29,34,59,breakfast,Veg,gluten,milk,egg
Chocolate Muffin,400,6.8,48,20,2.8,380,26,52,65,breakfast,Veg,gluten,milk,egg
Cupcake,305,3.3,50,11,0.8,220,35,32,70,dessert,Veg,gluten,milk,egg
Pancake,227,6.4,28,10,1.1,439,5.5,52,67,breakfast,Veg,gluten,milk,egg
Waffle,291,7.9,33,13,1.1,515,8.4,77,76,breakfast,Veg,gluten,milk,egg
French Toast,166,6.8,19,7,1,315,4.8,87,69,breakfast,Veg,gluten,milk,egg
Crepe,112,4.4,13,4.8,0.4,82,1.8,52,55,breakfast,Veg,gluten,milk,egg
Pudding,158,4,23,5.5,0.2,135,18,22,48,dessert,Veg,milk
Custard,122,4.3,17,3.8,0,78,15,74,43,dessert,Veg,milk,egg
Mousse,258,3.2,20,19,0.8,38,16,138,42,dessert,Veg,milk,egg
Tiramisu,240,4.8,21,15,0.6,82,14,98,55,dessert,Veg,gluten,milk,egg
Panna Cotta,247,3.2,19,18,0,52,17,68,48,dessert,Veg,milk
Creme Brulee,287,5.5,28,17,0,82,24,215,52,dessert,Veg,milk,egg
Eclair,262,6.2,24,16,0.8,337,14,127,62,dessert,Veg,gluten,milk,egg
Profiterole,175,4.2,18,9.5,0.6,95,11,88,58,dessert,Veg,gluten,milk,egg
Tart,271,3.8,34,13,1.2,165,18,52,62,dessert,Veg,gluten,milk,egg
Apple Pie,237,2.3,34,11,1.6,266,13,0,68,dessert,Veg,gluten,milk
Pumpkin Pie,229,4.4,30,10,2.2,288,13,35,66,dessert,Veg,gluten,milk,egg
Pecan Pie,503,6,64,27,2.5,320,31,55,65,dessert,Veg,gluten,milk,egg,nuts
Lemon Meringue Pie,268,1.6,53,5.6,0.8,165,40,51,68,dessert,Veg,gluten,milk,egg
Fruit Tart,186,2.8,28,7.2,1.8,125,16,38,55,dessert,Veg,gluten,milk,egg
Danish Pastry,371,6.4,45,18,2.2,320,14,45,70,breakfast,Veg,gluten,milk,egg
Cinnamon Roll,420,6.8,58,18,2.5,430,24,48,72,breakfast,Veg,gluten,milk,egg
Apple Strudel,274,3.2,43,10,2.5,165,18,8,65,dessert,Veg,gluten,milk
Baklava,334,4.8,29,21,2.2,175,17,12,67,dessert,Veg,gluten,nuts
Macaron,97,1.6,15,3.8,0.5,12,14,0,65,snack,Veg,egg
Meringue,51,1.2,13,0,0,18,13,0,70,snack,Veg,egg
Marshmallow,318,2,81,0.2,0.1,80,58,0,62,snack,Veg,
Candy,394,0,98,0.3,0,38,82,0,70,snack,Veg,
Lollipop,392,0,98,0,0,24,82,0,70,snack,Veg,
Gummy Bears,325,6.9,77,0.2,0,10,46,0,80,snack,Veg,
Jelly,266,0.2,70,0,0.2,55,40,0,78,snack,Veg,
Jam,278,0.4,69,0.1,1,32,48,0,51,breakfast,Veg,
Honey,304,0.3,82,0,0.2,4,82,0,61,breakfast,Veg,
Maple Syrup,260,0,67,0.2,0,9,60,0,54,breakfast,Veg,
Peanut Butter,588,25,20,50,6,476,9,0,14,breakfast,Veg,nuts
Almond Butter,614,21,19,56,10,0,4.4,0,15,breakfast,Veg,nuts
Cashew Butter,587,18,27,49,2,15,7.6,0,25,breakfast,Veg,nuts
Nutella,539,6.3,57,31,3,40,56,0,33,breakfast,Veg,milk,nuts
Tahini,595,17,21,54,9.3,115,0,0,35,lunch,Veg,
Hummus,177,4.9,20,8.6,4,379,0.3,0,25,snack,Veg,
Guacamole,160,2,8.5,15,6.7,7,0.7,0,15,snack,Veg,
Salsa,36,1.5,8,0.3,2,430,5.2,0,15,snack,Veg,
Tzatziki,95,4.8,5.5,6.8,0.3,210,4.2,18,22,snack,Veg,milk
Pesto,263,5.6,5.2,25,1.4,520,0.8,8,15,lunch,Veg,milk,nuts
Marinara Sauce,70,1.8,11,2.5,2.5,480,6.5,0,25,dinner,Veg,
Alfredo Sauce,97,1.8,3.2,9.2,0.2,385,0.8,28,15,dinner,Veg,milk
BBQ Sauce,172,0.9,41,0.5,0.8,815,33,0,55,dinner,Veg,
Soy Sauce,53,8.1,4.9,0.1,0.8,5586,0.4,0,20,lunch,Veg,soy
Teriyaki Sauce,89,2.8,15,0.2,0.2,1832,12,0,48,lunch,Veg,soy
Hot Sauce,12,0.5,2.5,0.3,0.5,1240,1.2,0,10,lunch,Veg,
Ketchup,101,1.1,27,0.1,0.3,907,22,0,55,lunch,Veg,
Mustard,66,4,5.7,3.3,2.7,1135,1.3,0,35,lunch,Veg,
Mayonnaise,680,1.1,0.6,75,0,624,0.5,55,0,lunch,Veg,egg
Ranch Dressing,458,0.8,6.2,48,0,530,2.8,22,10,lunch,Veg,milk,egg
Caesar Dressing,482,1.6,5.8,52,0.2,885,1.5,18,10,lunch,Veg,milk,egg
Italian Dressing,226,0.2,8.5,21,0,930,6.8,0,15,lunch,Veg,
Balsamic Vinaigrette,88,0.1,3.4,8.6,0,326,2.8,0,15,lunch,Veg,
French Fries,312,3.4,41,15,3.8,210,0.4,0,75,snack,Veg,
Sweet Potato Fries,180,1.6,29,6.5,3.8,195,7.2,0,76,snack,Veg,
Onion Rings,407,5.4,38,27,1.6,430,2.8,5,65,snack,Veg,gluten
Nachos,346,9.2,36,19,4.5,816,2.4,18,60,snack,Veg,gluten,milk
Popcorn,387,13,78,4.5,15,8,0.9,0,72,snack,Veg,
Chips,536,6.6,53,34,4.7,525,0.5,0,70,snack,Veg,
Pretzels,380,9.1,80,2.6,2.9,1266,2.7,0,83,snack,Veg,gluten
Crackers,502,8.2,61,24,2.5,732,1.3,0,71,snack,Veg,gluten
Trail Mix,462,13,45,29,7,118,28,0,42,snack,Veg,nuts
Granola,471,13,64,20,8.9,29,24,0,57,breakfast,Veg,gluten,nuts
Granola Bar,471,9.7,64,20,4.5,79,29,0,61,snack,Veg,gluten,nuts
Protein Bar,376,20,44,13,6,200,22,12,43,snack,Veg,milk,soy
Energy Bar,456,10,60,20,8,125,28,0,58,snack,Veg,nuts
Beef Jerky,410,33,11,28,2.4,1691,9.4,85,15,snack,NonVeg,
Samosa,262,4.5,26,15,2.8,420,1.5,8,60,snack,Veg,gluten
Pakora,295,6.8,28,17,3.2,480,2.2,0,55,snack,Veg,gluten
Vada,186,4.2,18,11,2.5,320,1.2,0,52,snack,Veg,
Kachori,280,5.5,32,14,3.8,450,2.8,0,62,snack,Veg,gluten
Dhokla,160,4.8,28,3.5,2.2,280,4.5,0,35,snack,Veg,
Khandvi,145,5.2,18,6.2,1.8,220,2.8,12,28,snack,Veg,milk
Fafda,495,9.5,52,28,4.5,680,1.5,0,65,snack,Veg,gluten
Chakli,515,8.2,56,29,3.5,720,1.2,0,68,snack,Veg,gluten
Murukku,495,7.8,54,27,3.2,650,0.8,0,65,snack,Veg,gluten
Bonda,220,4.2,26,11,2.8,380,2.5,0,58,snack,Veg,gluten
Bajji,185,3.5,22,9.5,2.2,320,1.8,0,55,snack,Veg,gluten
Cutlet,245,8.5,24,13,2.8,420,2.2,25,58,snack,Veg,gluten
Spring Roll,242,5.8,28,12,2.5,480,2.8,8,60,snack,Veg,gluten
Dim Sum,170,7.2,22,6.5,1.5,380,2.2,35,55,snack,NonVeg,gluten
Wonton,240,10,28,9.5,1.8,520,1.5,45,58,snack,NonVeg,gluten
Gyoza,198,8.8,24,7.5,1.5,420,1.8,38,52,snack,NonVeg,gluten
Empanada,285,8.2,28,15,2,450,2.5,32,60,snack,Veg,gluten
Taco,226,9.8,20,13,3.2,380,2.2,38,48,dinner,NonVeg,gluten
Burrito,420,18,48,16,6.5,920,3.8,52,55,dinner,NonVeg,gluten
Quesadilla,508,18,39,30,3.5,760,2.8,68,55,dinner,Veg,gluten,milk
Falafel,333,13,32,18,4.9,585,0.8,0,25,lunch,Veg,
Shawarma,265,22,18,12,2,680,2.5,78,60,lunch,NonVeg,gluten
Kebab Roll,320,20,32,12,2.5,620,3.2,75,58,lunch,NonVeg,gluten
Kathi Roll,295,16,35,11,2.8,580,2.8,48,60,lunch,NonVeg,gluten
Frankie,340,14,42,13,3.2,680,3.5,42,62,lunch,NonVeg,gluten
Hot Dog,290,10,23,17,0.8,810,4.5,44,56,snack,NonVeg,gluten
Corn Dog,330,11,35,16,1.2,720,7.5,42,62,snack,NonVeg,gluten
Sushi Roll,143,5.8,28,1.8,1,420,3.5,12,55,lunch,NonVeg,fish,gluten
Maki Roll,140,5.5,28,1.5,0.8,380,3.2,10,55,lunch,NonVeg,fish,gluten
Nigiri,46,5.3,6.5,0.8,0.2,82,0.5,15,52,lunch,NonVeg,fish,gluten
Tempura,350,12,38,17,2.5,420,2.2,95,68,lunch,NonVeg,gluten
Ramen,436,19,65,12,4.2,1820,5.5,48,70,dinner,NonVeg,gluten,egg
Udon,237,7.8,48,0.8,2.2,1020,2.8,0,62,lunch,Veg,gluten
Soba,113,5.8,24,0.4,2.4,68,0,0,59,lunch,Veg,gluten
Pad Thai,350,15,40,12,3,920,8.5,85,60,dinner,NonVeg,gluten,egg
Pho,371,30,40,8.5,2,1480,4.5,75,60,lunch,NonVeg,gluten
Laksa,470,22,52,18,3.8,1680,6.5,95,65,dinner,NonVeg,shellfish
Tom Yum,90,8.5,9,3.5,1.8,980,4.2,48,25,lunch,NonVeg,shellfish
Green Curry,220,15,12,14,2.5,820,4.5,65,32,lunch,NonVeg,milk
Red Curry,240,16,14,15,2.8,880,5.2,68,35,lunch,NonVeg,milk
Yellow Curry,195,14,11,12,2.2,740,4.8,62,30,lunch,NonVeg,milk
Massaman Curry,285,18,18,17,3.2,720,6.5,70,38,dinner,NonVeg,milk,nuts
Panang Curry,265,17,13,18,2.5,820,5.8,72,32,dinner,NonVeg,milk
Chow Mein,237,10,32,8.5,3.2,920,4.5,32,65,dinner,Veg,gluten
Lo Mein,284,12,38,10,2.8,980,4.8,38,62,dinner,Veg,gluten
Fried Noodles,220,8.5,28,8.8,2.2,820,3.5,28,68,lunch,Veg,gluten
Hakka Noodles,268,9.5,36,10,2.8,920,4.2,35,65,dinner,Veg,gluten
Schezwan Noodles,295,10,38,12,3,1080,5.5,38,68,dinner,Veg,gluten
Singapore Noodles,340,18,42,12,2.8,1120,5.2,75,65,dinner,NonVeg,gluten,shellfish,egg
Manchurian,285,8.5,32,14,3.2,1020,6.5,12,58,dinner,Veg,gluten
Spring Onion Chicken,245,26,8,12,1.8,820,3.5,82,28,dinner,NonVeg,
Chilli Chicken,320,24,18,18,2.2,920,5.5,85,45,dinner,NonVeg,gluten
Kung Pao Chicken,290,28,12,15,2.5,880,4.8,88,32,dinner,NonVeg,nuts
Sweet and Sour Chicken,310,22,35,10,1.8,720,22,75,62,dinner,NonVeg,gluten
Orange Chicken,420,18,48,18,2.2,820,32,68,65,dinner,NonVeg,gluten
General Tso Chicken,385,22,38,17,1.8,880,24,82,62,dinner,NonVeg,gluten
Beijing Chicken,340,24,28,16,2,920,15,85,58,dinner,NonVeg,gluten
Lemon Chicken,365,26,32,16,1.5,780,18,88,60,dinner,NonVeg,gluten
Teriyaki Chicken,295,28,22,10,1.2,1420,16,85,52,dinner,NonVeg,soy
Satay Chicken,285,32,8,14,1.8,680,3.5,95,28,dinner,NonVeg,nuts
Hainanese Chicken,245,32,12,8.5,1,820,3.2,95,35,lunch,NonVeg,
Korean Fried Chicken,385,28,28,18,1.5,920,12,95,62,dinner,NonVeg,gluten
Bulgogi,256,26,15,11,1.2,880,10,75,42,dinner,NonVeg,
Bibimbap,490,22,68,14,6.5,1120,8.5,185,58,lunch,NonVeg,gluten,egg
Kimchi Fried Rice,345,12,48,12,3.2,1020,4.5,95,65,lunch,NonVeg,gluten,egg
Japchae,290,6.5,52,7.5,2.8,820,8.5,0,55,lunch,Veg,gluten
Tteokbokki,382,8.5,82,2.8,2.2,1480,18,0,78,snack,Veg,gluten
Kimbap,195,8.2,32,4.2,2.5,520,3.5,95,58,lunch,NonVeg,gluten,egg
Miso Soup,40,2.8,5.2,1.2,1.2,820,2.8,0,20,lunch,Veg,soy
Tonkatsu,464,23,38,24,2.2,620,3.5,85,65,dinner,NonVeg,gluten,egg
Okonomiyaki,250,12,28,10,2.5,820,6.5,125,58,dinner,NonVeg,gluten,egg
Takoyaki,140,5.5,18,5.5,0.8,380,2.2,48,52,snack,NonVeg,gluten,egg,shellfish
Yakitori,185,22,3.5,9.5,0.5,520,2.8,75,15,dinner,NonVeg,
Teriyaki Salmon,265,28,12,12,0.5,820,10,75,35,dinner,NonVeg,fish,soy
Sashimi,127,20,0,5.2,0,42,0,48,0,lunch,NonVeg,fish
California Roll,255,9,38,7.5,2.8,420,5.5,35,58,lunch,NonVeg,fish,gluten
Spicy Tuna Roll,290,15,32,12,1.8,520,4.2,42,55,lunch,NonVeg,fish,gluten
Dragon Roll,285,14,35,10,2.2,480,4.8,65,58,lunch,NonVeg,fish,gluten,egg
Rainbow Roll,245,18,28,7.5,1.8,420,3.8,55,55,lunch,NonVeg,fish,gluten
Philadelphia Roll,320,16,28,16,1.5,520,3.2,72,55,lunch,NonVeg,fish,gluten,milk
Caterpillar Roll,265,12,32,10,2.8,480,4.5,52,58,lunch,NonVeg,fish,gluten
Vegetable Tempura Roll,280,7.5,42,9.5,3.5,380,3.8,0,62,lunch,Veg,gluten
Avocado Roll,140,2.2,28,3.5,3.8,220,3.2,0,55,lunch,Veg,gluten
Cucumber Roll,136,2.8,30,0.8,1.5,240,2.8,0,52,lunch,Veg,gluten
Inari Sushi,130,3.5,26,1.8,1.2,280,5.5,0,58,lunch,Veg,soy,gluten
Edamame Sushi,95,8.5,10,3.8,4.2,220,1.8,0,15,snack,Veg,soy
Vegetable Sushi,118,3.2,24,1.5,2.5,280,3.5,0,52,lunch,Veg,gluten
Tofu Sushi,88,6.5,12,2.5,1.2,240,2.2,0,25,lunch,Veg,soy,gluten
Mango Sushi,165,2.8,35,1.2,2.8,180,28,0,55,dessert,Veg,gluten
Fruit Sushi,148,2.2,32,0.8,2.5,120,25,0,52,dessert,Veg,gluten
Chocolate Sushi,285,4.5,42,11,2.2,85,32,18,58,dessert,Veg,gluten,milk
Coffee,2,0.3,0,0,0,5,0,0,0,breakfast,Veg,
Black Coffee,2,0.3,0,0,0,5,0,0,0,breakfast,Veg,
Espresso,9,0.5,1.6,0.2,0,14,0,0,0,breakfast,Veg,
Cappuccino,74,4,6,4,0,52,6,15,25,breakfast,Veg,milk
Latte,103,5.3,8.7,4.5,0,75,8.5,18,28,breakfast,Veg,milk
Mocha,290,9,42,10,1.5,85,38,32,45,breakfast,Veg,milk
Macchiato,13,0.8,1.6,0.7,0,8,1.5,3,15,breakfast,Veg,milk
Americano,15,0.5,2.8,0.2,0,10,0,0,0,breakfast,Veg,
Flat White,120,6.2,10,5.5,0,82,10,22,28,breakfast,Veg,milk
Frappe,240,4.5,38,8.5,0.5,95,35,28,52,breakfast,Veg,milk
Iced Coffee,38,1.8,5,1.5,0,42,5,6,22,breakfast,Veg,milk
Cold Brew,5,0.3,0,0,0,5,0,0,0,breakfast,Veg,
Tea,2,0,0.7,0,0,7,0,0,0,breakfast,Veg,
Green Tea,2,0.5,0,0,0,2,0,0,0,breakfast,Veg,
Black Tea,2,0,0.7,0,0,7,0,0,0,breakfast,Veg,
Masala Chai,120,4.2,18,3.8,0.5,52,16,15,45,breakfast,Veg,milk
Herbal Tea,2,0,0.5,0,0,2,0,0,0,breakfast,Veg,
Iced Tea,47,0,12,0,0,8,11,0,35,breakfast,Veg,
Lemonade,99,0.2,26,0.1,0.1,10,24,0,55,snack,Veg,
Orange Juice,112,1.7,26,0.5,0.5,2,21,0,50,breakfast,Veg,
Apple Juice,114,0.3,28,0.3,0.2,10,24,0,41,breakfast,Veg,
Grape Juice,152,1.4,37,0.2,0.2,13,36,0,59,breakfast,Veg,
Pineapple Juice,132,0.8,32,0.3,0.5,2,25,0,66,breakfast,Veg,
Cranberry Juice,116,0.4,31,0.1,0.1,5,30,0,52,breakfast,Veg,
Pomegranate Juice,134,0.4,33,0.3,0.1,11,32,0,53,breakfast,Veg,
Coconut Water,45,1.7,9,0.5,2.6,252,6.3,0,54,breakfast,Veg,
Sugarcane Juice,269,0.4,68,0.4,0.6,17,67,0,43,snack,Veg,
Smoothie,145,3.5,28,2.8,3.5,65,22,12,48,breakfast,Veg,milk
Mango Smoothie,160,3.2,32,2.5,2.8,55,28,10,52,breakfast,Veg,milk
Berry Smoothie,125,4.5,24,1.8,4.5,48,18,8,42,breakfast,Veg,milk
Green Smoothie,95,3.8,18,1.2,3.8,85,12,5,32,breakfast,Veg,
Protein Smoothie,220,24,22,4.5,2.8,120,18,18,38,breakfast,Veg,milk
Milkshake,300,8,48,9,0.8,120,46,35,55,snack,Veg,milk
Chocolate Milkshake,340,9,52,11,1.5,135,50,38,58,snack,Veg,milk
Vanilla Milkshake,300,8,48,9,0.8,120,46,35,55,snack,Veg,milk
Strawberry Milkshake,285,7.5,46,8.5,1.2,110,44,32,52,snack,Veg,milk
Oreo Milkshake,420,10,62,15,1.8,280,54,42,62,snack,Veg,milk,gluten
Hot Chocolate,192,8.9,27,6.8,2.5,110,24,20,48,breakfast,Veg,milk
Matcha Latte,140,5.5,18,4.8,1.5,75,16,18,35,breakfast,Veg,milk
Turmeric Latte,120,4.2,16,4.2,0.8,85,14,15,32,breakfast,Veg,milk
Beetroot Latte,95,3.5,14,2.8,1.2,75,12,12,28,breakfast,Veg,milk
Energy Drink,110,0,28,0,0,105,27,0,65,breakfast,Veg,
Sports Drink,80,0,21,0,0,165,19,0,89,breakfast,Veg,
Soda,140,0,39,0,0,45,39,0,63,snack,Veg,
Cola,140,0,39,0,0,45,39,0,63,snack,Veg,
Ginger Ale,124,0,32,0,0,25,32,0,55,snack,Veg,
Root Beer,152,0,39,0,0,48,39,0,60,snack,Veg,
Tonic Water,83,0,22,0,0,44,22,0,35,snack,Veg,
Sparkling Water,0,0,0,0,0,5,0,0,0,breakfast,Veg,
Mineral Water,0,0,0,0,0,2,0,0,0,breakfast,Veg,
Almond Milk,17,0.6,1.5,1.1,0.4,63,0,0,30,breakfast,Veg,nuts
Coconut Milk,230,2.3,6,24,0,15,3.3,0,40,breakfast,Veg,
Oat Milk,120,3,16,5,2,101,7,0,69,breakfast,Veg,gluten
Rice Milk,115,0.7,22,2.4,0.3,86,13,0,86,breakfast,Veg,gluten
Beer,153,1.6,13,0,0,14,0,0,66,dinner,Veg,gluten
Wine,125,0.1,4,0,0,6,1.2,0,0,dinner,Veg,
Red Wine,125,0.1,4,0,0,6,0.9,0,0,dinner,Veg,
White Wine,121,0.1,3.8,0,0,7,1.4,0,0,dinner,Veg,
Champagne,95,0.3,2.5,0,0,8,1.5,0,0,dinner,Veg,
Whiskey,250,0,0,0,0,0,0,0,0,dinner,Veg,
Vodka,231,0,0,0,0,0,0,0,0,dinner,Veg,
Rum,231,0,0,0,0,0,0,0,0,dinner,Veg,
Gin,263,0,0,0,0,0,0,0,0,dinner,Veg,
Tequila,231,0,0,0,0,0,0,0,0,dinner,Veg,
Mojito,168,0.3,24,0.1,0.3,8,22,0,48,dinner,Veg,
Margarita,168,0.2,13,0.1,0.2,4,11,0,32,dinner,Veg,
Pina Colada,245,1.1,32,13,1.4,8,27,0,52,dinner,Veg,
Daiquiri,186,0.1,15,0.1,0.1,2,13,0,35,dinner,Veg,
Sangria,156,0.4,23,0.1,0.8,8,21,0,48,dinner,Veg,
Upma,140,4.5,26,3.2,2.5,280,1.5,0,55,breakfast,Veg,gluten
Poha,158,3.8,30,3.5,1.8,220,2.2,0,65,breakfast,Veg,gluten
Sabudana Khichdi,358,1.2,88,0.2,0.9,180,0.8,0,85,breakfast,Veg,
Aloo Paratha,280,5.5,38,11,3.2,380,1.8,15,62,breakfast,Veg,gluten,milk
Gobi Paratha,265,6.2,36,10,3.5,360,2.2,12,58,breakfast,Veg,gluten,milk
Mooli Paratha,245,5.8,34,9.5,4.2,340,1.5,10,55,breakfast,Veg,gluten,milk
Methi Paratha,252,6.8,35,9.8,4.5,350,1.2,12,52,breakfast,Veg,gluten,milk
Paneer Paratha,310,10,36,14,2.8,400,2.5,45,58,breakfast,Veg,gluten,milk
Egg Paratha,295,11,34,13,2.5,380,1.8,195,56,breakfast,NonVeg,gluten,milk,egg
Chicken Paratha,320,18,35,12,2.8,420,2.2,65,58,breakfast,NonVeg,gluten,milk
Keema Paratha,340,20,36,14,3,450,2.5,75,60,breakfast,NonVeg,gluten,milk
Puri Bhaji,385,6.5,45,19,4.2,480,3.5,8,72,breakfast,Veg,gluten
Chole Bhature,450,14,58,18,7.5,680,5.2,12,68,lunch,Veg,gluten
Aloo Puri,350,5.2,42,17,3.8,420,2.8,5,70,breakfast,Veg,gluten
Masala Dosa,220,5.8,36,5.5,2.8,320,1.2,0,62,breakfast,Veg,gluten
Plain Dosa,133,3.2,26,1.8,1.5,180,0.3,0,60,breakfast,Veg,gluten
Rava Dosa,165,3.8,28,4.2,1.2,280,0.8,0,65,breakfast,Veg,gluten
Onion Dosa,155,3.5,27,3.8,2,240,1.2,0,62,breakfast,Veg,gluten
Cheese Dosa,245,10,30,10,2,380,1.5,35,58,breakfast,Veg,gluten,milk
Egg Dosa,210,9.5,28,7.5,1.8,280,0.8,185,58,breakfast,NonVeg,gluten,egg
Mysore Masala Dosa,240,6.2,38,6.8,3,420,1.8,0,62,breakfast,Veg,gluten
Pesarattu,180,8.5,28,3.5,4.5,220,1.5,0,42,breakfast,Veg,
Set Dosa,148,3.5,28,2.5,1.8,200,0.5,0,58,breakfast,Veg,gluten
Uttapam,165,4.2,30,3.2,2.5,280,2.2,0,58,breakfast,Veg,gluten
Onion Uttapam,178,4.5,31,3.8,2.8,300,2.5,0,60,breakfast,Veg,gluten
Tomato Uttapam,172,4.3,30,3.5,2.8,290,2.8,0,58,breakfast,Veg,gluten
Mixed Veg Uttapam,192,5,32,4.5,3.5,320,3.2,0,60,breakfast,Veg,gluten
Medu Vada,186,4.2,18,11,2.5,320,1.2,0,52,breakfast,Veg,
Masala Vada,195,5.5,20,10,3.2,340,1.5,0,50,snack,Veg,
Sambar Vada,245,8.5,28,10,5.5,420,2.8,0,48,breakfast,Veg,
Dahi Vada,165,6.5,20,6.5,2.2,280,8.5,18,45,snack,Veg,milk
Pav Bhaji,285,7.5,38,11,4.5,680,5.5,15,62,dinner,Veg,gluten,milk
Vada Pav,235,5.5,32,9.5,2.8,520,2.5,0,65,snack,Veg,gluten
Misal Pav,320,12,42,11,6.5,720,4.5,0,58,breakfast,Veg,gluten
Dabeli,265,6.5,42,8.5,3.5,580,8.5,0,62,snack,Veg,gluten,nuts
Sev Puri,285,5.5,38,12,3.2,620,5.5,0,65,snack,Veg,gluten
Bhel Puri,240,5.2,36,8.5,3.5,520,6.2,0,60,snack,Veg,gluten
Pani Puri,165,3.5,28,4.5,2.5,380,4.5,0,58,snack,Veg,gluten
Dahi Puri,195,5.8,26,7.5,2.8,420,8.2,12,52,snack,Veg,gluten,milk
Ragda Pattice,298,8.5,42,10,5.5,580,4.8,8,60,snack,Veg,gluten
Pav Bhaji Fondue,340,9.5,35,18,3.5,720,6.5,45,58,dinner,Veg,gluten,milk
Usal Pav,285,10,40,9.5,6.2,620,3.5,0,55,breakfast,Veg,gluten
Kolhapuri Misal,365,13,45,14,7.5,820,5.2,0,60,lunch,Veg,gluten
Kanda Poha,175,4.2,32,4.2,2.2,240,2.5,0,62,breakfast,Veg,gluten
Batata Poha,168,3.8,31,3.8,2,230,2.2,0,65,breakfast,Veg,gluten
Indori Poha,195,4.5,34,5.2,2.5,280,3.5,0,65,breakfast,Veg,gluten,nuts
Kanda Bhaji,235,4.5,28,11,2.8,420,2.2,0,60,snack,Veg,gluten
Mirchi Bhaji,185,3.8,22,8.5,3.2,360,1.8,0,55,snack,Veg,gluten
Aloo Bhaji,175,3.2,24,7.5,2.8,340,2.2,0,58,snack,Veg,gluten
Zunka Bhakri,245,8.5,38,6.5,4.5,420,1.5,0,58,lunch,Veg,gluten
Pithla Bhakri,220,7.8,36,5.5,3.8,380,1.2,0,55,lunch,Veg,gluten
Bharli Vangi,185,3.5,18,11,4.2,340,3.5,0,32,lunch,Veg,
Stuffed Karela,145,3.2,15,8.5,4.5,320,2.2,0,25,lunch,Veg,
Dum Aloo,235,4.2,28,11,3.5,420,4.5,0,58,lunch,Veg,
Kashmiri Dum Aloo,265,4.5,32,13,3.8,450,5.5,8,60,lunch,Veg,milk
Malai Kofta,385,10,28,26,3.2,520,5.5,55,42,dinner,Veg,milk
Navratan Korma,295,8.5,24,19,4.2,480,6.5,35,38,dinner,Veg,milk,nuts
Shahi Kaju Curry,420,12,32,28,4.5,480,8.5,42,40,dinner,Veg,milk,nuts
Vegetable Jalfrezi,125,3.8,16,5.2,4.2,360,5.2,0,35,lunch,Veg,
Veg Kolhapuri,185,4.5,20,9.5,4.5,520,4.5,0,35,lunch,Veg,
Veg Hyderabadi,220,5.5,22,12,3.8,480,5.5,18,38,lunch,Veg,milk
Mushroom Masala,165,5.2,14,10,3.2,380,3.5,0,28,lunch,Veg,
Mushroom Matar,175,6.5,18,8.5,4.5,360,4.8,0,32,lunch,Veg,
Soya Chaap,185,16,12,8.5,3.5,420,2.2,0,25,lunch,Veg,soy
Soya Curry,210,18,15,10,4.2,480,3.5,0,28,lunch,Veg,soy
Malai Soya Chaap,265,17,14,16,3.2,480,3.8,25,28,dinner,Veg,soy,milk
Tandoori Soya Chaap,195,16,13,9.5,3.5,520,2.5,0,28,dinner,Veg,soy
Achari Soya Chaap,215,17,14,11,3.8,580,3.2,0,30,dinner,Veg,soy
Afghani Soya Chaap,285,18,12,18,3,480,3.5,32,25,dinner,Veg,soy,milk
Tofu Curry,165,12,10,9.5,2.5,420,2.8,0,22,lunch,Veg,soy
Tofu Tikka Masala,220,14,12,14,2.8,520,4.2,0,25,dinner,Veg,soy
Tofu Scramble,145,11,8,8.5,2.2,380,1.5,0,20,breakfast,Veg,soy
Tofu Bhurji,155,12,9,9.2,2.5,420,2.2,0,22,lunch,Veg,soy
Paneer Tikka Masala,345,14,13,27,2.2,580,5.5,75,35,dinner,Veg,milk
Paneer Lababdar,365,13,15,29,2.5,620,6.5,78,38,dinner,Veg,milk
Paneer Do Pyaza,285,13,16,19,2.8,520,5.2,68,35,lunch,Veg,milk
Paneer Pasanda,395,14,18,31,2.8,580,6.8,82,40,dinner,Veg,milk,nuts
Paneer Angara,310,14,12,23,2.2,620,4.5,72,32,dinner,Veg,milk
Paneer Handi,325,13,14,25,2.5,560,5.5,75,35,dinner,Veg,milk
Paneer Makhanwala,355,12,16,28,2.2,680,7.2,78,38,dinner,Veg,milk
Kadhai Mushroom,145,4.5,12,9.5,3.8,420,3.5,0,25,lunch,Veg,
Baby Corn Masala,135,3.5,18,5.8,3.2,380,4.5,0,32,lunch,Veg,
Baby Corn Pepper Fry,155,3.8,19,7.2,3.5,420,4.2,0,35,lunch,Veg,
Gobi Manchurian,265,5.5,32,12,3.5,920,6.5,0,58,dinner,Veg,gluten
Veg Manchurian,275,6.2,34,13,4.2,980,7.2,0,60,dinner,Veg,gluten
Paneer Manchurian,295,11,28,16,2.5,880,5.8,65,52,dinner,Veg,gluten,milk
Mushroom Manchurian,245,7.5,30,10,4.2,860,6.2,0,55,dinner,Veg,gluten
Chilli Paneer,285,13,18,18,2.2,820,4.5,68,42,dinner,Veg,gluten,milk
Chilli Mushroom,185,6.5,20,8.5,3.8,780,4.2,0,45,dinner,Veg,gluten
Chilli Baby Corn,165,4.2,22,6.5,3.5,760,5.2,0,48,dinner,Veg,gluten
Paneer 65,305,14,16,21,2,720,3.5,70,38,snack,Veg,gluten,milk
Gobi 65,245,5.2,28,12,3.2,680,4.2,0,55,snack,Veg,gluten
Mushroom 65,195,7.2,18,9.5,3.5,640,3.2,0,42,snack,Veg,gluten
Paneer Chilli Dry,295,13,15,20,2.2,780,3.8,68,35,dinner,Veg,gluten,milk
Szechuan Vegetables,165,4.2,22,6.8,4.5,1020,5.5,0,45,dinner,Veg,gluten
Hunan Vegetables,155,3.8,20,6.2,4.2,960,5.2,0,42,dinner,Veg,gluten
Cantonese Vegetables,145,3.5,18,5.8,3.8,820,4.8,0,38,dinner,Veg,gluten
Stir Fry Vegetables,125,3.2,16,5.2,3.5,680,4.2,0,35,lunch,Veg,
Asian Greens,85,2.8,12,3.2,2.8,420,3.5,0,25,lunch,Veg,
Buddha Bowl,285,12,42,8.5,8.5,380,6.5,0,42,lunch,Veg,nuts
Quinoa Bowl,320,14,45,10,7.5,420,5.5,0,48,lunch,Veg,nuts
Grain Bowl,295,11,48,7.5,8.2,360,5.2,0,45,lunch,Veg,
Mediterranean Bowl,265,9.5,38,8.8,6.5,520,5.8,12,42,lunch,Veg,milk
Poke Bowl,345,28,42,8.5,4.5,820,6.5,65,48,lunch,NonVeg,fish,gluten
Burrito Bowl,420,22,52,14,9.5,920,5.5,55,50,lunch,NonVeg,
Noodle Bowl,285,12,42,8.5,3.5,1020,5.2,35,62,lunch,NonVeg,gluten,egg
Rice Bowl,295,15,45,7.5,3.2,680,4.5,45,58,lunch,NonVeg,gluten
Acai Bowl,215,3.5,35,6.5,7.5,25,22,0,42,breakfast,Veg,
Smoothie Bowl,185,5.5,32,4.2,5.5,45,24,8,45,breakfast,Veg,milk
Oatmeal Bowl,220,8.5,38,4.8,6.5,85,8.5,0,55,breakfast,Veg,gluten,milk
Porridge,158,5.2,28,2.8,4.2,120,6.5,8,58,breakfast,Veg,gluten,milk
Congee,140,3.5,28,1.5,0.8,420,0.8,0,65,breakfast,Veg,gluten
Jook,145,4.2,29,1.8,1.2,480,1.2,0,62,breakfast,Veg,gluten
Khichdi,150,5.5,28,2.2,3.5,280,1.5,0,48,lunch,Veg,gluten
Moong Dal Khichdi,142,6.8,26,1.8,4.2,240,1.2,0,42,lunch,Veg,gluten
Vegetable Khichdi,165,6.2,30,2.8,4.8,320,2.5,0,45,lunch,Veg,gluten
Bajra Khichdi,158,5.8,29,2.5,4.5,260,1.8,0,52,lunch,Veg,gluten
Sabudana Kheer,185,2.5,38,3.2,0.5,42,28,12,75,dessert,Veg,milk
Rice Kheer,168,4.5,28,4.8,0.5,48,22,18,55,dessert,Veg,milk
Vermicelli Kheer,175,4.2,30,4.5,0.8,45,24,16,58,dessert,Veg,milk,gluten
Semiya Payasam,172,4.5,29,4.5,0.8,48,23,18,56,dessert,Veg,milk,gluten
Rava Payasam,182,4.8,32,5.2,1.2,52,25,20,62,dessert,Veg,milk,gluten
Parippu Payasam,195,7.5,32,4.8,3.5,38,22,15,48,dessert,Veg,milk
Ada Pradhaman,245,3.5,42,7.5,1.5,35,32,22,65,dessert,Veg,milk
Palada Payasam,215,5.2,36,6.2,1.2,45,28,25,60,dessert,Veg,milk
Carrot Payasam,195,4.8,32,5.5,2.8,48,26,18,58,dessert,Veg,milk
Paal Payasam,165,5.5,26,4.5,0.5,52,20,22,52,dessert,Veg,milk
Basundi,185,6.5,24,6.8,0,58,22,28,50,dessert,Veg,milk
Rabri,295,8.5,32,14,0,65,28,55,52,dessert,Veg,milk
Kalakand,220,7.2,28,9.5,0.2,55,24,38,55,dessert,Veg,milk
Milk Cake,265,8.8,32,11,0.3,62,28,45,58,dessert,Veg,milk
Gujiya,285,4.5,38,13,2.2,45,24,28,62,dessert,Veg,gluten,milk,nuts
Karanji,275,4.2,36,12,2.5,42,22,25,60,dessert,Veg,gluten,milk,nuts
Puran Poli,265,5.5,45,7.5,3.8,35,28,15,65,dessert,Veg,gluten,milk
Obbattu,268,5.8,46,7.8,4.2,38,29,18,66,dessert,Veg,gluten,milk
Holige,262,5.5,45,7.2,4,36,28,16,65,dessert,Veg,gluten,milk
Bobbatlu,270,6.2,46,8.2,4.5,40,30,20,66,dessert,Veg,gluten,milk
Patholi,165,3.2,32,3.5,2.2,28,18,0,60,dessert,Veg,
Modak,185,3.5,35,4.2,2.5,25,22,8,62,dessert,Veg,milk
Steamed Modak,158,3.2,32,2.8,2.8,22,20,5,58,dessert,Veg,milk
Fried Modak,245,3.8,36,9.5,2.5,35,22,15,68,dessert,Veg,gluten,milk
Ukadiche Modak,165,3.5,33,3.2,2.8,24,21,8,60,dessert,Veg,milk
Karanji,275,4.2,36,12,2.5,42,22,25,60,dessert,Veg,gluten,milk,nuts
Malpua,285,4.8,42,11,1.5,38,32,35,72,dessert,Veg,gluten,milk,egg
Imarti,165,1.5,38,2.2,0.8,28,32,5,78,dessert,Veg,gluten
Ghevar,320,3.2,48,13,1.2,45,38,32,75,dessert,Veg,gluten,milk
Feeni,295,2.8,45,11,0.8,35,35,28,72,dessert,Veg,gluten,milk
Sohan Halwa,385,4.5,52,18,2.2,55,42,45,70,dessert,Veg,milk,nuts
Sohan Papdi,425,5.2,58,19,1.5,48,45,38,72,dessert,Veg,gluten,milk,nuts
Patisa,415,4.8,56,18,1.2,45,44,35,70,dessert,Veg,gluten,milk,nuts
Soan Papdi,420,5.5,57,18,1.8,52,46,40,71,dessert,Veg,gluten,milk,nuts
Petha,98,0.3,24,0.2,0.8,12,22,0,65,dessert,Veg,
Agra Petha,102,0.4,25,0.3,0.9,15,23,0,66,dessert,Veg,
Angoori Petha,95,0.3,23,0.2,0.7,10,21,0,64,dessert,Veg,
Chocolate Petha,125,0.8,28,2.2,1.2,18,25,5,62,dessert,Veg,milk
Kesar Petha,105,0.4,26,0.3,0.8,14,24,0,65,dessert,Veg,
Kaju Katli,380,6.5,42,20,3.2,35,38,0,45,dessert,Veg,nuts
Badam Katli,395,7.2,40,22,4.5,38,36,0,42,dessert,Veg,nuts
Pista Katli,385,7.8,38,21,4.8,42,35,0,40,dessert,Veg,nuts
Anjeer Katli,345,5.5,48,14,6.5,32,42,0,52,dessert,Veg,nuts
Kaju Pista Roll,405,7.5,42,22,4.2,40,38,5,45,dessert,Veg,milk,nuts
Mohanthal,395,6.5,52,18,2.5,55,42,35,65,dessert,Veg,gluten,milk
Ghughra,285,4.5,38,13,2.2,45,24,28,62,dessert,Veg,gluten,milk,nuts
Lapsi,245,3.8,42,7.2,3.5,35,28,18,68,dessert,Veg,gluten,milk
Shiro,265,4.2,45,8.5,2.8,42,32,22,72,dessert,Veg,gluten,milk
Sukhadi,385,4.5,58,15,3.2,38,45,25,70,dessert,Veg,gluten,milk
Kopra Pak,425,5.2,48,24,5.5,42,38,32,62,dessert,Veg,milk
Nariyal Ladoo,365,3.8,45,18,6.5,35,38,28,58,dessert,Veg,milk
Boondi Ladoo,385,4.2,52,17,2.2,48,42,32,68,dessert,Veg,gluten,milk
Motichoor Ladoo,395,4.5,54,18,2.5,52,45,35,70,dessert,Veg,gluten,milk
Besan Ladoo,375,6.8,48,16,3.8,45,38,28,58,dessert,Veg,gluten,milk
Rava Ladoo,365,4.8,52,15,2.5,42,42,25,65,dessert,Veg,gluten,milk
Coconut Ladoo,355,3.5,44,17,6.2,32,36,22,55,dessert,Veg,milk
Til Ladoo,485,8.5,52,26,8.5,25,38,0,48,dessert,Veg,
Churma Ladoo,395,5.5,58,15,4.2,48,42,32,68,dessert,Veg,gluten,milk
Malai Ladoo,285,6.5,35,13,0.8,55,32,45,52,dessert,Veg,milk
Khoya Ladoo,295,7.2,36,14,0.5,58,34,48,54,dessert,Veg,milk
Dry Fruit Ladoo,425,8.5,48,22,6.5,35,38,15,48,dessert,Veg,milk,nuts
Dates Ladoo,295,4.2,52,8.5,7.5,15,48,0,42,dessert,Veg,nuts
Fig Ladoo,285,4.5,50,7.8,8.2,18,46,0,45,dessert,Veg,nuts
Til Gud Ladoo,465,8.2,58,22,8.2,22,52,0,52,dessert,Veg,
Sesame Ladoo,475,8.8,56,24,8.5,25,50,0,50,dessert,Veg,
Murmura Ladoo,385,4.2,72,8.5,3.2,28,55,15,75,dessert,Veg,milk
Puffed Rice Ladoo,375,3.8,70,7.8,2.8,25,52,12,73,dessert,Veg,milk
Chikki,465,7.5,68,18,4.5,15,58,0,60,snack,Veg,nuts
Peanut Chikki,485,9.2,65,20,5.5,18,55,0,55,snack,Veg,nuts
Til Chikki,475,8.8,64,21,8.5,12,56,0,58,snack,Veg,
Cashew Chikki,495,8.5,62,24,4.2,15,52,0,52,snack,Veg,nuts
Almond Chikki,505,9.5,58,26,6.5,14,48,0,48,snack,Veg,nuts
Mixed Nut Chikki,515,10,60,27,7.2,16,50,0,50,snack,Veg,nuts
Gajak,485,8.2,68,19,6.5,15,60,0,62,snack,Veg,
Rewri,465,7.5,72,16,5.5,12,65,0,68,snack,Veg,
Papaya Halwa,265,2.5,48,7.5,4.2,38,42,18,65,dessert,Veg,milk
Banana Halwa,285,2.8,52,8.2,3.8,42,48,22,68,dessert,Veg,milk
Bottle Gourd Halwa,245,3.2,42,7.2,2.8,35,38,25,60,dessert,Veg,milk
Dudhi Halwa,242,3.5,41,7.5,3.2,38,37,28,59,dessert,Veg,milk
Badam Halwa,425,9.5,48,22,7.5,45,38,35,52,dessert,Veg,milk,nuts
Kaju Halwa,445,8.8,52,24,5.5,48,42,38,55,dessert,Veg,milk,nuts
Atta Halwa,335,5.5,52,12,4.2,42,38,32,68,dessert,Veg,gluten,milk
Suji Halwa,295,4.2,48,9.5,2.5,38,35,28,70,dessert,Veg,gluten,milk
Bombay Halwa,385,1.8,78,8.5,1.2,35,68,22,82,dessert,Veg,gluten
Corn Flour Halwa,295,2.5,58,6.5,1.8,32,52,18,75,dessert,Veg,milk
Chocolate Burfi,295,6.5,38,13,2.8,55,32,38,58,dessert,Veg,milk
Kaju Burfi,395,7.2,45,20,3.5,42,38,28,48,dessert,Veg,milk,nuts
Pista Burfi,385,8.2,42,21,4.5,45,35,25,45,dessert,Veg,milk,nuts
Coconut Burfi,325,4.5,42,15,5.5,38,35,28,52,dessert,Veg,milk
Badam Burfi,405,8.5,44,22,6.2,48,36,32,48,dessert,Veg,milk,nuts
Khoya Burfi,285,8.2,36,12,0.5,58,32,48,52,dessert,Veg,milk
Milk Burfi,275,8.5,35,11,0.3,55,30,45,50,dessert,Veg,milk
Besan Burfi,365,7.5,48,15,4.2,48,38,32,55,dessert,Veg,gluten,milk
Mohabbat Ka Sharbat,125,0.5,32,0.2,0.8,15,30,0,62,snack,Veg,milk
Rooh Afza,142,0.3,36,0.1,0.2,12,35,0,68,snack,Veg,
Falooda,245,5.5,42,6.5,1.5,65,38,22,58,dessert,Veg,milk
Kulfi Falooda,285,6.2,45,9.5,1.8,72,42,35,60,dessert,Veg,milk
Rose Falooda,255,5.8,43,7.2,1.5,68,40,28,59,dessert,Veg,milk
Mango Falooda,265,5.5,46,7.5,1.8,70,44,25,62,dessert,Veg,milk
Thandai,185,5.2,28,6.5,2.5,52,22,18,45,snack,Veg,milk,nuts
Badam Milk,165,6.5,22,6.2,2.8,55,18,22,42,breakfast,Veg,milk,nuts
Kesar Badam Milk,175,6.8,23,6.8,2.8,58,19,25,43,breakfast,Veg,milk,nuts
Masala Milk,142,5.5,20,4.5,1.2,58,16,18,38,breakfast,Veg,milk
Turmeric Milk,125,5.2,18,3.8,0.8,55,14,15,35,breakfast,Veg,milk
Golden Milk,128,5.5,19,4.2,0.9,58,15,18,36,breakfast,Veg,milk
Coconut Milk Latte,165,2.5,12,12,0.5,45,8.5,0,32,breakfast,Veg,
Almond Milk Latte,95,3.2,11,4.5,1.2,85,7.5,0,28,breakfast,Veg,nuts
Oat Milk Latte,145,4.2,18,5.8,1.8,105,9.5,0,42,breakfast,Veg,gluten
Soy Milk Latte,115,5.5,13,4.2,1.5,95,8.2,0,32,breakfast,Veg,soy
Hazelnut Latte,185,5.8,22,8.5,1.8,85,18,22,42,breakfast,Veg,milk,nuts
Vanilla Latte,125,5.5,17,4.8,0,78,15,18,35,breakfast,Veg,milk
Caramel Latte,195,5.2,28,7.5,0,95,24,22,48,breakfast,Veg,milk
Chai Latte,142,4.8,22,4.2,0.8,68,18,15,42,breakfast,Veg,milk
Dirty Chai,165,5.2,23,5.5,1.2,75,19,18,40,breakfast,Veg,milk
London Fog,135,5.8,19,4.5,0,72,16,18,38,breakfast,Veg,milk
Earl Grey Latte,128,5.5,18,4.2,0,68,15,15,36,breakfast,Veg,milk
Matcha Frappe,225,6.2,35,7.5,2.2,88,28,22,52,breakfast,Veg,milk
Espresso Frappe,245,5.8,38,8.5,1.5,92,32,25,55,breakfast,Veg,milk
Caramel Frappe,285,5.5,45,10,1.2,105,38,28,60,breakfast,Veg,milk
Mocha Frappe,295,6.5,44,11,2.2,98,36,32,58,breakfast,Veg,milk
Vanilla Frappe,265,5.2,42,9.5,0.8,95,35,25,57,breakfast,Veg,milk
Chocolate Frappe,275,6.2,43,10,2.5,100,37,28,58,breakfast,Veg,milk
Affogato,185,4.2,22,9.5,0.5,65,20,38,45,dessert,Veg,milk
Cortado,45,2.8,3.5,2.2,0,28,3.2,8,18,breakfast,Veg,milk
Piccolo Latte,55,3.2,4.5,2.8,0,35,4.2,12,20,breakfast,Veg,milk
Long Black,10,0.4,2.2,0.1,0,8,0,0,0,breakfast,Veg,
Ristretto,8,0.3,1.5,0.1,0,12,0,0,0,breakfast,Veg,
Lungo,12,0.5,2.5,0.2,0,15,0,0,0,breakfast,Veg,
Vienna Coffee,165,4.5,18,8.5,0,68,15,32,35,breakfast,Veg,milk
Irish Coffee,175,1.2,12,3.5,0,22,10,8,25,breakfast,Veg,milk
Spanish Latte,155,5.8,20,6.2,0,75,18,22,38,breakfast,Veg,milk
Dalgona Coffee,185,4.2,28,6.5,0,85,24,18,48,breakfast,Veg,milk
Vietnamese Coffee,165,3.8,24,5.5,0,42,22,15,45,breakfast,Veg,milk
Turkish Coffee,12,0.5,2.8,0.3,0,18,2.5,0,15,breakfast,Veg,
Greek Coffee,15,0.6,3.2,0.4,0,22,3.2,0,18,breakfast,Veg,
Arabic Coffee,8,0.3,1.8,0.2,0,15,1.5,0,12,breakfast,Veg,
Filter Coffee,68,3.5,8.5,2.8,0,48,7.5,12,28,breakfast,Veg,milk
South Indian Filter Coffee,72,3.8,9.2,3.2,0,52,8.2,15,30,breakfast,Veg,milk
Madras Coffee,75,4.2,9.5,3.5,0,55,8.5,18,32,breakfast,Veg,milk
Kumbakonam Filter Coffee,78,4.5,10,3.8,0,58,9.2,20,33,breakfast,Veg,milk
Nilgiri Tea,2,0.4,0.8,0,0,3,0,0,0,breakfast,Veg,
Assam Tea,2,0.5,0.9,0,0,8,0,0,0,breakfast,Veg,
Darjeeling Tea,2,0.4,0.7,0,0,5,0,0,0,breakfast,Veg,
Kashmiri Kahwa,35,0.8,8.5,0.3,0.5,8,7.5,0,25,breakfast,Veg,nuts
Noon Chai,85,3.5,10,3.8,0,125,8.5,12,28,breakfast,Veg,milk
Pink Tea,88,3.8,11,4.2,0,135,9.2,15,30,breakfast,Veg,milk
Sheer Chai,92,4.2,12,4.5,0,142,10,18,32,breakfast,Veg,milk
Irani Chai,95,4.5,13,4.8,0,148,11,20,35,breakfast,Veg,milk
Cutting Chai,48,2.2,6.5,1.8,0,35,5.5,8,22,breakfast,Veg,milk
Mumbai Cutting Chai,52,2.5,7.2,2.2,0,38,6.2,10,24,breakfast,Veg,milk
Adrak Chai,65,2.8,9.5,2.5,0.5,42,8.5,10,28,breakfast,Veg,milk
Ginger Tea,58,2.5,8.8,2.2,0.8,38,7.8,8,25,breakfast,Veg,milk
Tulsi Chai,62,2.8,9.2,2.5,0.5,40,8.2,10,26,breakfast,Veg,milk
Elaichi Chai,68,3.2,10,2.8,0.3,45,9.2,12,30,breakfast,Veg,milk
Cardamom Tea,65,3.5,9.5,3.2,0.5,48,8.8,15,28,breakfast,Veg,milk
Kesar Chai,75,3.5,11,3.5,0.3,48,10,15,32,breakfast,Veg,milk
Saffron Tea,72,3.8,10,3.8,0.5,52,9.5,18,30,breakfast,Veg,milk
Sulaimani Tea,3,0.2,0.8,0,0,2,0.5,0,5,breakfast,Veg,
Lemon Tea,25,0.3,6.5,0.1,0.2,5,5.5,0,20,breakfast,Veg,
Honey Lemon Tea,68,0.5,17,0.1,0.3,8,15,0,35,breakfast,Veg,
Mint Tea,2,0.3,0.5,0,0.5,3,0.2,0,5,breakfast,Veg,
Pudina Chai,55,2.5,8.5,2.2,1.2,38,7.5,8,25,breakfast,Veg,milk
Chamomile Tea,2,0,0.5,0,0,2,0,0,0,breakfast,Veg,
Lavender Tea,2,0,0.4,0,0,1,0,0,0,breakfast,Veg,
Jasmine Tea,2,0,0.5,0,0,2,0,0,0,breakfast,Veg,
Oolong Tea,2,0,0.6,0,0,3,0,0,0,breakfast,Veg,
White Tea,2,0,0.4,0,0,2,0,0,0,breakfast,Veg,
Pu-erh Tea,2,0,0.8,0,0,4,0,0,0,breakfast,Veg,
Rooibos Tea,2,0,0.7,0,0,2,0,0,0,breakfast,Veg,
Hibiscus Tea,5,0,1.2,0,0,3,1,0,5,breakfast,Veg,
Peppermint Tea,2,0,0.4,0,0.5,2,0,0,5,breakfast,Veg,
Ginger Lemon Tea,28,0.4,7.2,0.2,0.8,8,6.5,0,22,breakfast,Veg,
Turmeric Ginger Tea,32,0.5,8.2,0.3,1.2,10,7.2,0,24,breakfast,Veg,
Cinnamon Tea,6,0.1,1.8,0,0.5,2,0.2,0,8,breakfast,Veg,
Fennel Tea,4,0.2,1.2,0,0.3,3,0.5,0,6,breakfast,Veg,
Licorice Tea,8,0,2.2,0,0,5,2,0,10,breakfast,Veg,
Lemongrass Tea,3,0.1,0.8,0,0.2,2,0.3,0,5,breakfast,Veg,
Butterfly Pea Tea,2,0,0.5,0,0,1,0,0,0,breakfast,Veg,
Blue Tea,2,0,0.5,0,0,1,0,0,0,breakfast,Veg,
Kombucha,30,0,7,0,0,10,2,0,15,snack,Veg,
Kefir,61,3.5,4.7,3.2,0,30,4.5,10,15,breakfast,Veg,milk
Probiotic Drink,55,2.8,9.5,0.5,0.5,45,8.5,0,25,snack,Veg,
Yakult,50,1,10,1.4,0,20,9.5,5,28,snack,Veg,milk
Amla Juice,46,0.9,11,0.6,4.3,5,5.2,0,15,breakfast,Veg,
Karela Juice,17,0.9,3.7,0.2,2.8,5,1,0,18,breakfast,Veg,
Aloe Vera Juice,22,0.1,5.5,0,0.5,8,4.5,0,20,breakfast,Veg,
Wheatgrass Juice,28,1.8,6.2,0.2,3.5,10,0.5,0,15,breakfast,Veg,gluten
Beetroot Juice,58,2.3,13,0.2,3.8,106,9.2,0,64,breakfast,Veg,
ABC Juice,72,1.5,17,0.3,3.2,85,13,0,42,breakfast,Veg,
Carrot Apple Juice,68,0.9,16,0.3,2.5,72,12,0,38,breakfast,Veg,
Mixed Vegetable Juice,52,2.2,11,0.5,3.5,125,6.5,0,25,breakfast,Veg,
Green Juice,48,2.8,9.5,0.4,3.8,95,5.2,0,22,breakfast,Veg,
Detox Juice,38,1.5,8.8,0.2,2.8,65,6.8,0,25,breakfast,Veg,
Celery Juice,23,0.9,4.5,0.2,1.6,115,2.2,0,15,breakfast,Veg,
Cucumber Mint Juice,18,0.8,4.2,0.1,0.8,25,2.5,0,15,breakfast,Veg,
Watermelon Juice,30,0.6,7.6,0.2,0.4,1,6.2,0,72,snack,Veg,
Muskmelon Juice,34,0.8,8.2,0.2,0.9,16,7.9,0,65,snack,Veg,Mosambi Juice,43,0.7,10,0.1,0.5,2,9.3,0,42,breakfast,Veg,
Sweet Lime Juice,45,0.8,11,0.1,0.6,3,9.8,0,43,breakfast,Veg,
Litchi Juice,68,0.8,17,0.4,1.3,1,15,0,57,snack,Veg,
Guava Juice,71,2.8,15,1,5.4,3,9.2,0,12,breakfast,Veg,
Papaya Juice,45,0.6,11,0.3,1.7,9,7.8,0,60,breakfast,Veg,
Mango Lassi,135,4.2,24,3.2,0.8,68,22,15,48,snack,Veg,milk
Strawberry Lassi,125,3.8,22,2.8,1.2,62,20,12,45,snack,Veg,milk
Rose Lassi,128,4.5,21,3.5,0.5,65,19,15,42,snack,Veg,milk
Salted Lassi,68,3.8,8.5,2.2,0,95,7.5,10,25,breakfast,Veg,milk
Sweet Lassi,95,3.5,15,2.5,0,55,14,12,35,breakfast,Veg,milk
Chaas,42,3.5,5.2,1,0,115,5,6,25,breakfast,Veg,milk
Masala Chaas,48,3.8,6.5,1.2,0.5,135,5.5,8,26,breakfast,Veg,milk
Jeera Chaas,45,3.5,6,1.1,0.5,125,5.2,7,25,breakfast,Veg,milk
Mint Chaas,46,3.6,6.2,1.1,0.8,130,5.3,7,25,breakfast,Veg,milk
Pudina Raita,72,3.8,7.5,3.2,1.2,135,5.5,12,28,lunch,Veg,milk
Boondi Raita,95,4.2,12,3.8,1.5,145,6.5,15,35,lunch,Veg,milk,gluten
Cucumber Raita,58,3.2,6.8,2.5,0.8,110,5.8,10,26,lunch,Veg,milk
Onion Raita,62,3.5,7.2,2.8,1.2,118,6.2,11,27,lunch,Veg,milk
Pineapple Raita,78,3.5,11,2.8,1.5,105,9.5,10,32,lunch,Veg,milk
Mixed Fruit Raita,88,3.8,13,3.2,2.2,98,11,12,35,lunch,Veg,milk
Tomato Raita,65,3.5,7.8,2.8,1.5,120,6.5,11,28,lunch,Veg,milk
Beetroot Raita,68,3.8,9.2,2.5,2.5,115,7.5,10,32,lunch,Veg,milk
Carrot Raita,70,3.6,9.5,2.8,2.2,112,7.8,11,30,lunch,Veg,milk
Pomegranate Raita,92,4.2,14,3.2,3.5,108,12,12,38,lunch,Veg,milk
Roasted Papad,185,4.2,32,4.5,2.5,820,0.5,0,70,snack,Veg,gluten
Fried Papad,235,4.5,30,11,2.2,780,0.3,0,68,snack,Veg,gluten
Masala Papad,205,4.8,28,8.5,2.8,920,2.5,0,65,snack,Veg,gluten
Aloo Papad,248,5.2,34,10,3.2,880,2.8,0,68,snack,Veg,gluten
Rice Papad,175,3.8,34,3.5,1.8,720,0.2,0,72,snack,Veg,gluten
Urad Dal Papad,195,5.5,31,5.2,3.5,850,0.5,0,65,snack,Veg,
Moong Dal Papad,188,5.8,30,4.8,3.8,820,0.8,0,62,snack,Veg,
Punjabi Papad,198,4.5,32,5.5,2.8,920,0.5,0,68,snack,Veg,gluten
Garlic Papad,192,4.8,31,5.2,2.5,880,0.8,0,66,snack,Veg,gluten
Jeera Papad,190,4.6,31,5,2.5,860,0.6,0,66,snack,Veg,gluten
Black Pepper Papad,194,4.7,31,5.2,2.8,875,0.7,0,67,snack,Veg,gluten
Chilli Papad,196,4.8,30,5.5,2.5,920,0.8,0,65,snack,Veg,gluten
Appalam,180,4.2,33,3.8,2.2,780,0.3,0,70,snack,Veg,gluten
Lijjat Papad,188,4.5,32,4.5,2.5,840,0.4,0,69,snack,Veg,gluten
Khakhra,385,9.5,68,8.5,6.5,820,2.5,0,65,snack,Veg,gluten
Methi Khakhra,395,10,70,9.2,7.2,880,2.2,0,63,snack,Veg,gluten
Masala Khakhra,405,9.8,72,9.8,6.8,920,2.8,0,66,snack,Veg,gluten
Jeera Khakhra,390,9.6,69,8.8,6.6,850,2.3,0,64,snack,Veg,gluten
Garlic Khakhra,398,9.8,70,9.5,6.8,895,2.5,0,65,snack,Veg,gluten
Pudina Khakhra,392,9.7,69,9,6.8,865,2.4,0,64,snack,Veg,gluten
Ajwain Khakhra,388,9.5,68,8.8,7,875,2.2,0,63,snack,Veg,gluten
Mathri,465,7.5,52,25,3.5,680,1.8,0,65,snack,Veg,gluten
Namak Para,485,6.8,56,27,2.8,820,1.2,0,68,snack,Veg,gluten
Shakarpara,425,5.5,68,15,2.2,420,38,15,72,snack,Veg,gluten,milk
Sweet Shakarpara,435,5.8,70,16,2.5,380,42,18,74,snack,Veg,gluten,milk
Namkeen,515,8.5,58,28,4.5,920,2.2,0,65,snack,Veg,gluten,nuts
Mixture,495,9.2,56,26,5.2,880,2.8,0,63,snack,Veg,gluten,nuts
Sev,525,7.8,60,29,3.8,920,1.5,0,68,snack,Veg,gluten
Aloo Bhujia,510,8.2,58,28,4.2,920,2.2,0,66,snack,Veg,gluten
Moong Dal,520,18,60,24,6.5,850,2.5,0,62,snack,Veg,
Bikaneri Bhujia,535,8.5,60,30,4.5,980,2.5,0,68,snack,Veg,gluten
Cornflakes Mixture,485,9.8,68,20,4.2,820,8.5,0,75,snack,Veg,gluten
Chivda,465,8.5,65,18,5.5,780,4.5,0,68,snack,Veg,gluten,nuts
Poha Chivda,445,7.8,68,15,4.8,720,3.8,0,70,snack,Veg,gluten,nuts
Cornflakes Chivda,475,9.2,70,17,4.5,820,6.5,0,72,snack,Veg,gluten,nuts
Dry Fruit Chivda,520,10,65,24,7.5,620,12,0,58,snack,Veg,gluten,nuts
Khatta Meetha,505,8.8,68,22,5.5,880,15,0,65,snack,Veg,gluten,nuts
Tikha Gathiya,495,8.2,62,25,4.2,920,2.2,0,66,snack,Veg,gluten
Gathiya,485,7.8,60,24,3.8,880,1.8,0,65,snack,Veg,gluten
Papdi Gathiya,492,8,61,24,4,900,2,0,65,snack,Veg,gluten
Bhakarwadi,465,7.5,58,23,4.5,820,8.5,0,62,snack,Veg,gluten
Mini Bhakarwadi,470,7.8,59,24,4.8,850,9.2,0,63,snack,Veg,gluten
Khakra,385,9.5,68,8.5,6.5,820,2.5,0,65,snack,Veg,gluten
Thepla,168,4.2,26,5.5,3.2,220,1.2,0,58,breakfast,Veg,gluten
Methi Thepla,172,4.8,26,5.8,3.8,240,1.5,0,56,breakfast,Veg,gluten
Dudhi Thepla,165,4,25,5.2,3.5,215,1.8,0,57,breakfast,Veg,gluten
Palak Thepla,170,5.2,25,5.5,4.2,230,1.2,0,54,breakfast,Veg,gluten
Mooli Thepla,168,4.5,25,5.5,4,225,1.3,0,55,breakfast,Veg,gluten
Bajra Thepla,175,5,27,6.2,4.5,235,1.5,0,58,breakfast,Veg,gluten
Jowar Thepla,178,5.2,28,6.5,4.8,240,1.8,0,60,breakfast,Veg,gluten
Mixed Flour Thepla,182,5.5,28,6.8,5.2,245,2,0,58,breakfast,Veg,gluten
Corn Roti,125,3.5,24,2.2,2.5,110,1,0,68,lunch,Veg,gluten
Nachni Roti,110,3.8,21,1.8,3.8,95,0.8,0,55,lunch,Veg,gluten
Ragi Roti,108,3.5,20,1.5,3.5,92,0.5,0,52,lunch,Veg,gluten
Multigrain Roti,115,4.2,22,2.2,4.2,105,0.8,0,50,lunch,Veg,gluten
Oat Roti,135,5.5,24,3.2,4.8,120,1.2,0,55,lunch,Veg,gluten
Kuttu Roti,98,3.8,20,1.2,2.8,85,0.5,0,48,lunch,Veg,
Singhara Roti,105,2.5,23,0.8,1.5,75,0.8,0,52,lunch,Veg,
Rajgira Roti,102,3.2,21,1.5,2.2,80,0.6,0,50,lunch,Veg,
Sabudana Roti,158,1.5,38,0.5,0.8,65,0.5,0,82,lunch,Veg,
Tandoori Roti,110,3.2,19,2.8,2.5,180,0.5,0,58,lunch,Veg,gluten
Butter Roti,165,3.5,20,8.5,2.5,200,0.5,25,58,lunch,Veg,gluten,milk
Roomali Roti,95,2.8,18,1.8,2,150,0.3,0,55,lunch,Veg,gluten
Laccha Paratha,285,5.5,36,13,2.8,360,1.5,28,62,lunch,Veg,gluten,milk
Pudina Paratha,255,6.2,34,10,3.8,340,1.2,15,58,lunch,Veg,gluten,milk
Palak Paratha,248,6.8,33,9.5,4.5,335,1.5,12,55,lunch,Veg,gluten,milk
Onion Paratha,260,5.8,35,10,3.2,350,2.2,18,60,lunch,Veg,gluten,milk
Mixed Veg Paratha,275,6.5,36,11,4.2,380,2.5,20,58,lunch,Veg,gluten,milk
Cheese Paratha,340,12,35,17,2.5,450,2.2,55,58,lunch,Veg,gluten,milk
Sada Paratha,220,4.8,32,8.5,2.5,320,1.2,15,60,lunch,Veg,gluten,milk
Stuffed Paratha,295,7.5,38,12,3.8,400,2.5,22,60,lunch,Veg,gluten,milk
Keema Naan,320,16,42,10,2.5,520,3.2,68,64,lunch,NonVeg,gluten,milk
Butter Naan,295,7.2,43,10,2.2,480,2.5,35,66,lunch,Veg,gluten,milk
Garlic Naan,285,7.5,42,9.5,2.5,520,2.8,28,65,lunch,Veg,gluten,milk
Cheese Naan,340,11,44,14,2.2,580,3.2,48,64,lunch,Veg,gluten,milk
Kashmiri Naan,315,7.8,48,11,3.2,480,12,32,68,lunch,Veg,gluten,milk,nuts
Peshawari Naan,325,8.2,50,12,3.5,485,14,35,70,lunch,Veg,gluten,milk,nuts
Kulcha,250,6.8,42,6.2,2,450,2.5,15,64,lunch,Veg,gluten,milk
Amritsari Kulcha,285,7.5,45,8.5,2.5,520,3.2,22,66,lunch,Veg,gluten,milk
Aloo Kulcha,275,7.2,44,7.8,2.8,495,2.8,18,65,lunch,Veg,gluten,milk
Paneer Kulcha,305,10,43,10,2.5,540,3,42,63,lunch,Veg,gluten,milk
Onion Kulcha,268,7,43,7.2,2.5,480,3.5,16,64,lunch,Veg,gluten,milk
Mixed Veg Kulcha,282,7.8,44,8.2,3.2,510,3.2,20,64,lunch,Veg,gluten,milk
Gobhi Kulcha,272,7.5,43,7.5,3,485,3,18,63,lunch,Veg,gluten,milk
Bathura,385,7.2,52,16,2.5,520,2.5,15,72,lunch,Veg,gluten,milk
Chole,210,11,30,6,8.5,420,5.5,0,32,lunch,Veg,
Amritsari Chole,225,11,32,7.5,8.8,480,6.2,0,34,lunch,Veg,
Punjabi Chole,220,11,31,7.2,8.6,450,5.8,0,33,lunch,Veg,
Chole Tikki,295,12,38,11,7.5,580,5.5,8,55,snack,Veg,gluten
Chole Kulche,485,18,72,14,9.5,920,7.5,18,62,lunch,Veg,gluten,milk
Kachori,280,5.5,32,14,3.8,450,2.8,0,62,snack,Veg,gluten
Dal Kachori,285,6.2,33,14,4.2,480,2.5,0,60,snack,Veg,gluten
Matar Kachori,278,6.5,32,13,4.8,465,3.2,0,58,snack,Veg,gluten
Pyaz Kachori,282,5.8,33,13,3.5,485,3,0,61,snack,Veg,gluten
Raj Kachori,345,8.5,42,16,5.5,680,8.5,12,62,snack,Veg,gluten,milk
Khasta Kachori,295,6,34,15,4,495,2.8,0,63,snack,Veg,gluten
Bread Pakora,285,8.5,32,14,2.5,520,2.2,18,62,snack,Veg,gluten,egg
Aloo Bread Pakora,295,9.2,35,14,3.2,540,2.5,20,63,snack,Veg,gluten,egg
Paneer Bread Pakora,325,12,33,17,2.8,580,2.8,48,60,snack,Veg,gluten,milk,egg
Mix Pakora,275,6.5,30,14,3.8,480,2.5,0,58,snack,Veg,gluten
Onion Pakora,245,5.2,28,12,3.2,420,2.8,0,60,snack,Veg,gluten
Potato Pakora,265,5.8,32,13,3,450,2.2,0,62,snack,Veg,gluten
Spinach Pakora,235,6.5,26,11,4.2,395,2,0,55,snack,Veg,gluten
Paneer Pakora,285,14,18,18,2,420,1.5,65,55,snack,Veg,milk,gluten
Gobhi Pakora,255,5.5,29,13,3.5,435,2.5,0,58,snack,Veg,gluten
Banana Pakora,185,3.2,28,7.5,2.5,280,8.5,0,62,snack,Veg,gluten
Raw Banana Pakora,195,3.5,30,8.2,2.8,295,6.5,0,58,snack,Veg,gluten
Mirchi Pakora,185,3.8,22,8.5,3.2,360,1.8,0,55,snack,Veg,gluten
Cheese Pakora,295,13,20,19,1.8,485,2.2,58,52,snack,Veg,milk,gluten
Egg Pakora,225,11,18,13,1.5,380,1.5,195,48,snack,NonVeg,gluten,egg
Chicken Pakora,265,18,16,15,1.8,480,1.2,75,45,snack,NonVeg,gluten
Fish Pakora,245,16,18,14,1.5,450,1,68,50,snack,NonVeg,fish,gluten
Prawn Pakora,235,17,16,13,1.5,520,0.8,185,48,snack,NonVeg,shellfish,gluten
